wyscout_name,fm_name,fm_id,fm_nation,match_score,logo_url
AC Connecticut,AC Connecticut,20018919,The United States of America,100,https://sortitoutsi.b-cdn.net/uploads/logo/logo_20018919.png
AEK Athens,AEK Athens,967,Greece,100,https://sortitoutsi.b-cdn.net/uploads/logo/logo_967.png
ASA,Agremiação Sportiva Arapiraquense,301100,Brazil,100,https://sortitoutsi.b-cdn.net/uploads/logo/logo_301100.png
Akhmat Grozny,Akhmat Grozny,58137861,Russia,100,https://sortitoutsi.b-cdn.net/uploads/logo/logo_58137861.png
Akron Togliatti,Akron Togliatti,58145316,Russia,100,https://sortitoutsi.b-cdn.net/uploads/logo/logo_58145316.png
Albirex Niigata,Albirex Niigata,107280,Japan,100,https://sortitoutsi.b-cdn.net/uploads/logo/logo_107280.png
Alianza Coronel Moldes,Alianza Coronel Moldes,14064715,,100,https://sortitoutsi.b-cdn.net/uploads/logo/logo_14064715.png
Ankara Keçiörengücü,Ankara Keçiörengücü,454840,Türkiye,100,https://sortitoutsi.b-cdn.net/uploads/logo/logo_454840.png
Antigua GFC,Antigua GFC,5395158,Guatemala,100,https://sortitoutsi.b-cdn.net/uploads/logo/logo_5395158.png
Ararat-Armenia,Ararat-Armenia,2000280281,Armenia,100,https://sortitoutsi.b-cdn.net/uploads/logo/logo_2000280281.png
Aston Villa,Aston Villa,603,England,100,https://sortitoutsi.b-cdn.net/uploads/logo/logo_603.png
Athletic Club,Athletic Club,1664,Spain,100,https://sortitoutsi.b-cdn.net/uploads/logo/logo_1664.png
Atlas,Atlas,2000137394,Australia,100,https://sortitoutsi.b-cdn.net/uploads/logo/logo_2000137394.png
Atlético,Atletico,13158231,Guinea,100,https://sortitoutsi.b-cdn.net/uploads/logo/logo_13158231.png
Atlético de San Luis,Atlético de San Luis,2000254866,Mexico,100,https://sortitoutsi.b-cdn.net/uploads/logo/logo_2000254866.png
Audax Italiano,Audax Italiano,130778,Chile,100,https://sortitoutsi.b-cdn.net/uploads/logo/logo_130778.png
Aurora,Aurora,60008555,,100,https://sortitoutsi.b-cdn.net/uploads/logo/logo_60008555.png
Avispa Fukuoka,Avispa Fukuoka,1183,Japan,100,https://sortitoutsi.b-cdn.net/uploads/logo/logo_1183.png
Ayutthaya United,Ayutthaya United,23348779,Thailand,100,https://sortitoutsi.b-cdn.net/uploads/logo/logo_23348779.png
BG Pathum United,BG Pathum United,23485682,Thailand,100,https://sortitoutsi.b-cdn.net/uploads/logo/logo_23485682.png
Bangkok,Bangkok,2000344212,Thailand,100,https://sortitoutsi.b-cdn.net/uploads/logo/logo_2000344212.png
Bangkok United,Bangkok United,23078011,Thailand,100,https://sortitoutsi.b-cdn.net/uploads/logo/logo_23078011.png
Bashundhara Kings,Bashundhara Kings,23430850,Bangladesh,100,https://sortitoutsi.b-cdn.net/uploads/logo/logo_23430850.png
Beitar Jerusalem,Beitar Jerusalem,1083,Israel,100,https://sortitoutsi.b-cdn.net/uploads/logo/logo_1083.png
Bnei Sakhnin,Bnei Sakhnin,7860421,Israel,100,https://sortitoutsi.b-cdn.net/uploads/logo/logo_7860421.png
Botev Plovdiv,Botev Plovdiv,22033833,Bulgaria,100,https://sortitoutsi.b-cdn.net/uploads/logo/logo_22033833.png
Buriram United,Buriram United,23177015,Thailand,100,https://sortitoutsi.b-cdn.net/uploads/logo/logo_23177015.png
CSKA 1948 Sofia,CSKA 1948 Sofia,22070174,Bulgaria,100,https://sortitoutsi.b-cdn.net/uploads/logo/logo_22070174.png
CSKA Sofia,CSKA Sofia,22069955,Bulgaria,100,https://sortitoutsi.b-cdn.net/uploads/logo/logo_22069955.png
Celtic,Celtic,1569,Scotland,100,https://sortitoutsi.b-cdn.net/uploads/logo/logo_1569.png
Cerezo Osaka,Cerezo Osaka,1185,Japan,100,https://sortitoutsi.b-cdn.net/uploads/logo/logo_1185.png
Changwon City,Changwon City,5710844,The Republic of Korea,100,https://sortitoutsi.b-cdn.net/uploads/logo/logo_5710844.png
Chelsea,Chelsea,630,England,100,https://sortitoutsi.b-cdn.net/uploads/logo/logo_630.png
Chengdu Rongcheng,Chengdu Rongcheng,23447397,The People's Republic of China,100,https://sortitoutsi.b-cdn.net/uploads/logo/logo_23447397.png
Chennaiyin FC,Chennaiyin FC,40026654,India,100,https://sortitoutsi.b-cdn.net/uploads/logo/logo_40026654.png
Chiangrai United,Chiangrai United,23077991,Thailand,100,https://sortitoutsi.b-cdn.net/uploads/logo/logo_23077991.png
Club Tijuana,Club Tijuana,2000254876,Mexico,100,https://sortitoutsi.b-cdn.net/uploads/logo/logo_2000254876.png
Cobresal,Cobresal,130795,Chile,100,https://sortitoutsi.b-cdn.net/uploads/logo/logo_130795.png
Colo Colo,Colo Colo,399,Chile,100,https://sortitoutsi.b-cdn.net/uploads/logo/logo_399.png
Colorado Rapids,Colorado Rapids,1903,The United States of America,100,https://sortitoutsi.b-cdn.net/uploads/logo/logo_1903.png
Conquense,Conquense,2000444178,Spain,100,https://sortitoutsi.b-cdn.net/uploads/logo/logo_2000444178.png
Coquimbo Unido,Coquimbo Unido,120924,Chile,100,https://sortitoutsi.b-cdn.net/uploads/logo/logo_120924.png
Cádiz,Cádiz,2000214995,Spain,100,https://sortitoutsi.b-cdn.net/uploads/logo/logo_2000214995.png
Deportes Iquique,Deportes Iquique,130787,Chile,100,https://sortitoutsi.b-cdn.net/uploads/logo/logo_130787.png
Deportes Temuco,Deportes Temuco,104363,Chile,100,https://sortitoutsi.b-cdn.net/uploads/logo/logo_104363.png
Deportivo La Guaira,Deportivo La Guaira,86034571,Venezuela,100,https://sortitoutsi.b-cdn.net/uploads/logo/logo_86034571.png
Elana Toruń,Elana Toruń,130153,Poland,100,https://sortitoutsi.b-cdn.net/uploads/logo/logo_130153.png
Esenler Erokspor,Esenler Erokspor,70095984,Türkiye,100,https://sortitoutsi.b-cdn.net/uploads/logo/logo_70095984.png
Ethnikos Achnas,Ethnikos Achnas,456,Cyprus,100,https://sortitoutsi.b-cdn.net/uploads/logo/logo_456.png
Everton,Everton,650,England,100,https://sortitoutsi.b-cdn.net/uploads/logo/logo_650.png
FC Tulsa,FC Tulsa,2000020059,The United States of America,100,https://sortitoutsi.b-cdn.net/uploads/logo/logo_2000020059.png
FK Auda,FK Auda,485686,Latvia,100,https://sortitoutsi.b-cdn.net/uploads/logo/logo_485686.png
Fortuna Sittard,Fortuna Sittard,1014,The Netherlands,100,https://sortitoutsi.b-cdn.net/uploads/logo/logo_1014.png
Gamba Osaka,Gamba Osaka,1186,Japan,100,https://sortitoutsi.b-cdn.net/uploads/logo/logo_1186.png
Gençlerbirliği,Gençlerbirliği,1873,Türkiye,100,https://sortitoutsi.b-cdn.net/uploads/logo/logo_1873.png
Getafe,Getafe,2000316003,Spain,100,https://sortitoutsi.b-cdn.net/uploads/logo/logo_2000316003.png
Górnik Zabrze,Górnik Zabrze,1452,Poland,100,https://sortitoutsi.b-cdn.net/uploads/logo/logo_1452.png
Górnik Łęczna,Górnik Łęczna,129565,Poland,100,https://sortitoutsi.b-cdn.net/uploads/logo/logo_129565.png
Hai Phong,Hai Phong,5627098,Vietnam,100,https://sortitoutsi.b-cdn.net/uploads/logo/logo_5627098.png
Hamburger SV,Hamburger SV,947,Germany,100,https://sortitoutsi.b-cdn.net/uploads/logo/logo_947.png
Hapoel Haifa,Hapoel Haifa,1087,Israel,100,https://sortitoutsi.b-cdn.net/uploads/logo/logo_1087.png
Hertha BSC,Hertha BSC,2247,Germany,100,https://sortitoutsi.b-cdn.net/uploads/logo/logo_2247.png
Hoang Anh Gia Lai,Hoang Anh Gia Lai,5627026,Vietnam,100,https://sortitoutsi.b-cdn.net/uploads/logo/logo_5627026.png
Huachipato,Huachipato,104362,Chile,100,https://sortitoutsi.b-cdn.net/uploads/logo/logo_104362.png
Huracán FC,Huracan FC,2000050867,The United States of America,100,https://sortitoutsi.b-cdn.net/uploads/logo/logo_2000050867.png
Inter Club d'Escaldes,Inter Club d'Escaldes,107681,Andorra,100,https://sortitoutsi.b-cdn.net/uploads/logo/logo_107681.png
Ironi Modi'in,Ironi Modi'in,42021605,Israel,100,https://sortitoutsi.b-cdn.net/uploads/logo/logo_42021605.png
Júbilo Iwata,Jubilo Iwata,1188,Japan,100,https://sortitoutsi.b-cdn.net/uploads/logo/logo_1188.png
Kashima Antlers,Kashima Antlers,1189,Japan,100,https://sortitoutsi.b-cdn.net/uploads/logo/logo_1189.png
Kawasaki Frontale,Kawasaki Frontale,107296,Japan,100,https://sortitoutsi.b-cdn.net/uploads/logo/logo_107296.png
Khorfakkan,Khorfakkan,54200130,The United Arab Emirates,100,https://sortitoutsi.b-cdn.net/uploads/logo/logo_54200130.png
Kolos Kovalivka,Kolos Kovalivka,71063212,Ukraine,100,https://sortitoutsi.b-cdn.net/uploads/logo/logo_71063212.png
Krumovgrad,Krumovgrad,22087833,Bulgaria,100,https://sortitoutsi.b-cdn.net/uploads/logo/logo_22087833.png
Lamphun Warrior,Lamphun Warrior,23134767,Thailand,100,https://sortitoutsi.b-cdn.net/uploads/logo/logo_23134767.png
Leganés,Leganés,2000335374,Spain,100,https://sortitoutsi.b-cdn.net/uploads/logo/logo_2000335374.png
Liaoning Tieren,Liaoning Tieren,2000337864,The People's Republic of China,100,https://sortitoutsi.b-cdn.net/uploads/logo/logo_2000337864.png
Lion City Sailors FC,Lion City Sailors FC,23501219,Singapore,100,https://sortitoutsi.b-cdn.net/uploads/logo/logo_23501219.png
Liverpool,Liverpool,676,England,100,https://sortitoutsi.b-cdn.net/uploads/logo/logo_676.png
Lommel SK,Lommel SK,8157175,Belgium,100,https://sortitoutsi.b-cdn.net/uploads/logo/logo_8157175.png
Maccabi Haifa,Maccabi Haifa,1093,Israel,100,https://sortitoutsi.b-cdn.net/uploads/logo/logo_1093.png
Maccabi Netanya,Maccabi Netanya,1095,Israel,100,https://sortitoutsi.b-cdn.net/uploads/logo/logo_1095.png
Marbella,Marbella,2000384058,Spain,100,https://sortitoutsi.b-cdn.net/uploads/logo/logo_2000384058.png
Metalist 1925 Kharkiv,Metalist 1925 Kharkiv,71099430,Ukraine,100,https://sortitoutsi.b-cdn.net/uploads/logo/logo_71099430.png
Montedio Yamagata,Montedio Yamagata,107301,Japan,100,https://sortitoutsi.b-cdn.net/uploads/logo/logo_107301.png
NAC Breda,NAC Breda,1024,The Netherlands,100,https://sortitoutsi.b-cdn.net/uploads/logo/logo_1024.png
Nagoya Grampus,Nagoya Grampus,1191,Japan,100,https://sortitoutsi.b-cdn.net/uploads/logo/logo_1191.png
Ninh Binh,Ninh Binh,23022461,Vietnam,100,https://sortitoutsi.b-cdn.net/uploads/logo/logo_23022461.png
North Esporte Clube,North Esporte Clube,2000194009,Brazil,100,https://sortitoutsi.b-cdn.net/uploads/logo/logo_2000194009.png
Nottingham Forest,Nottingham Forest,692,England,100,https://sortitoutsi.b-cdn.net/uploads/logo/logo_692.png
O'Higgins,O'Higgins,400,Chile,100,https://sortitoutsi.b-cdn.net/uploads/logo/logo_400.png
Odra Opole,Odra Opole,129567,Poland,100,https://sortitoutsi.b-cdn.net/uploads/logo/logo_129567.png
Palestino,Palestino,130780,Chile,100,https://sortitoutsi.b-cdn.net/uploads/logo/logo_130780.png
Persebaya Surabaya,Persebaya Surabaya,116145,Indonesia,100,https://sortitoutsi.b-cdn.net/uploads/logo/logo_116145.png
Persik Kediri,Persik Kediri,5622879,Indonesia,100,https://sortitoutsi.b-cdn.net/uploads/logo/logo_5622879.png
Persis Solo,Persis Solo,5622862,Indonesia,100,https://sortitoutsi.b-cdn.net/uploads/logo/logo_5622862.png
Phrae United,Phrae United,23077993,Thailand,100,https://sortitoutsi.b-cdn.net/uploads/logo/logo_23077993.png
Pisa,Pisa,2000350118,,100,https://sortitoutsi.b-cdn.net/uploads/logo/logo_2000350118.png
Pogoń Szczecin,Pogoń Szczecin,1459,Poland,100,https://sortitoutsi.b-cdn.net/uploads/logo/logo_1459.png
Port FC,Port FC,23295496,Thailand,100,https://sortitoutsi.b-cdn.net/uploads/logo/logo_23295496.png
Portland Timbers,Portland Timbers,975489,The United States of America,100,https://sortitoutsi.b-cdn.net/uploads/logo/logo_975489.png
Puebla,Puebla,2000254873,Mexico,100,https://sortitoutsi.b-cdn.net/uploads/logo/logo_2000254873.png
Qingdao Hainiu,Qingdao Hainiu,412,The People's Republic of China,100,https://sortitoutsi.b-cdn.net/uploads/logo/logo_412.png
Qingdao West Coast,Qingdao West Coast,34039025,The People's Republic of China,100,https://sortitoutsi.b-cdn.net/uploads/logo/logo_34039025.png
RFC Seraing,RFC Seraing,216,Belgium,100,https://sortitoutsi.b-cdn.net/uploads/logo/logo_216.png
RKC Waalwijk,RKC Waalwijk,1032,The Netherlands,100,https://sortitoutsi.b-cdn.net/uploads/logo/logo_1032.png
RWD Molenbeek,RWD Molenbeek,2000465790,,100,https://sortitoutsi.b-cdn.net/uploads/logo/logo_2000465790.png
Radomiak Radom,Radomiak Radom,717327,Poland,100,https://sortitoutsi.b-cdn.net/uploads/logo/logo_717327.png
Raków Częstochowa,Raków Częstochowa,722115,Poland,100,https://sortitoutsi.b-cdn.net/uploads/logo/logo_722115.png
Rangers,Rangers,1570,Scotland,100,https://sortitoutsi.b-cdn.net/uploads/logo/logo_1570.png
Real Oviedo,Real Oviedo,1741,Spain,100,https://sortitoutsi.b-cdn.net/uploads/logo/logo_1741.png
Red Bull Bragantino,Red Bull Bragantino,317,Brazil,100,https://sortitoutsi.b-cdn.net/uploads/logo/logo_317.png
Reggiana,Reggiana,2000350128,,100,https://sortitoutsi.b-cdn.net/uploads/logo/logo_2000350128.png
Riga FC,Riga FC,47053664,Latvia,100,https://sortitoutsi.b-cdn.net/uploads/logo/logo_47053664.png
Rukh Lviv,Rukh Lviv,71045065,Ukraine,100,https://sortitoutsi.b-cdn.net/uploads/logo/logo_71045065.png
Sabadell,Sabadell,2000328219,Spain,100,https://sortitoutsi.b-cdn.net/uploads/logo/logo_2000328219.png
Santa Fe,Santa Fe,75000017,,100,https://sortitoutsi.b-cdn.net/uploads/logo/logo_75000017.png
Selangor,Selangor,23502301,Malaysia,100,https://sortitoutsi.b-cdn.net/uploads/logo/logo_23502301.png
Shakhtar Donetsk,Shakhtar Donetsk,1895,Ukraine,100,https://sortitoutsi.b-cdn.net/uploads/logo/logo_1895.png
Shandong Taishan,Shandong Taishan,116403,The People's Republic of China,100,https://sortitoutsi.b-cdn.net/uploads/logo/logo_116403.png
Shanghai Port,Shanghai Port,23292170,The People's Republic of China,100,https://sortitoutsi.b-cdn.net/uploads/logo/logo_23292170.png
Shanghai Shenhua,Shanghai Shenhua,414,The People's Republic of China,100,https://sortitoutsi.b-cdn.net/uploads/logo/logo_414.png
Shenzhen Peng City,Shenzhen Peng City,2000328113,The People's Republic of China,100,https://sortitoutsi.b-cdn.net/uploads/logo/logo_2000328113.png
Shijiazhuang Gongfu,Shijiazhuang Gongfu,2000183928,The People's Republic of China,100,https://sortitoutsi.b-cdn.net/uploads/logo/logo_2000183928.png
Shimizu S-Pulse,Shimizu S-Pulse,1194,Japan,100,https://sortitoutsi.b-cdn.net/uploads/logo/logo_1194.png
Stade Tunisien,Stade Tunisien,5390013,Tunisia,100,https://sortitoutsi.b-cdn.net/uploads/logo/logo_5390013.png
Stal Rzeszów,Stal Rzeszów,130127,Poland,100,https://sortitoutsi.b-cdn.net/uploads/logo/logo_130127.png
Tigres UANL,Tigres UANL,2000254878,Mexico,100,https://sortitoutsi.b-cdn.net/uploads/logo/logo_2000254878.png
Tottenham Hotspur,Tottenham Hotspur,728,England,100,https://sortitoutsi.b-cdn.net/uploads/logo/logo_728.png
Universidad Católica,Universidad Católica,403,Chile,100,https://sortitoutsi.b-cdn.net/uploads/logo/logo_403.png
Universidad de Chile,Universidad de Chile,404,Chile,100,https://sortitoutsi.b-cdn.net/uploads/logo/logo_404.png
Unión Española,Unión Española,120064,Chile,100,https://sortitoutsi.b-cdn.net/uploads/logo/logo_120064.png
Unión La Calera,Unión La Calera,5250019,Chile,100,https://sortitoutsi.b-cdn.net/uploads/logo/logo_5250019.png
Urawa Reds,Urawa Reds,1195,Japan,100,https://sortitoutsi.b-cdn.net/uploads/logo/logo_1195.png
V-Varen Nagasaki,V-Varen Nagasaki,786559,Japan,100,https://sortitoutsi.b-cdn.net/uploads/logo/logo_786559.png
Vasco da Gama,Vasco Da Gama,2000339024,,100,https://sortitoutsi.b-cdn.net/uploads/logo/logo_2000339024.png
Vissel Kobe,Vissel Kobe,106844,Japan,100,https://sortitoutsi.b-cdn.net/uploads/logo/logo_106844.png
West Ham United,West Ham United,735,England,100,https://sortitoutsi.b-cdn.net/uploads/logo/logo_735.png
Wieczysta Kraków,Wieczysta Kraków,2000028546,Poland,100,https://sortitoutsi.b-cdn.net/uploads/logo/logo_2000028546.png
Wolverhampton Wanderers,Wolverhampton Wanderers,740,England,100,https://sortitoutsi.b-cdn.net/uploads/logo/logo_740.png
Wuhan Three Towns,Wuhan Three Towns,23487243,The People's Republic of China,100,https://sortitoutsi.b-cdn.net/uploads/logo/logo_23487243.png
Yunnan Yukun,Yunnan Yukun,2000319417,The People's Republic of China,100,https://sortitoutsi.b-cdn.net/uploads/logo/logo_2000319417.png
Zamora,Zamora,2000425039,,100,https://sortitoutsi.b-cdn.net/uploads/logo/logo_2000425039.png
Ñublense,Ñublense,130798,Chile,100,https://sortitoutsi.b-cdn.net/uploads/logo/logo_130798.png
ABC,ABC Futebol Clube,107205,Brazil,95,https://sortitoutsi.b-cdn.net/uploads/logo/logo_107205.png
ADT,Asociación Deportiva Tarma,5290626,Peru,95,https://sortitoutsi.b-cdn.net/uploads/logo/logo_5290626.png
AEL,AE Limassol,449,Cyprus,95,https://sortitoutsi.b-cdn.net/uploads/logo/logo_449.png
APOEL,APOEL Nicosia,451,Cyprus,95,https://sortitoutsi.b-cdn.net/uploads/logo/logo_451.png
AZ,AZ Alkmaar,991,The Netherlands,95,https://sortitoutsi.b-cdn.net/uploads/logo/logo_991.png
Academia Puerto Cabello,Academia Puerto Cabello F.C.,86047464,Venezuela,95,https://sortitoutsi.b-cdn.net/uploads/logo/logo_86047464.png
Académica,Associação Académica de Coimbra,2393,Portugal,95,https://sortitoutsi.b-cdn.net/uploads/logo/logo_2393.png
Agropecuario,Club Agropecuario Argentino de Carlos Casares,14064697,Argentina,95,https://sortitoutsi.b-cdn.net/uploads/logo/logo_14064697.png
Ajman,Ajman Club,7880311,The United Arab Emirates,95,https://sortitoutsi.b-cdn.net/uploads/logo/logo_7880311.png
Alanyaspor,Corendon Alanyaspor,458718,Türkiye,95,https://sortitoutsi.b-cdn.net/uploads/logo/logo_458718.png
Albacete,Albacete Balompié,1660,Spain,95,https://sortitoutsi.b-cdn.net/uploads/logo/logo_1660.png
Albion,Burton Albion,4001706,England,95,https://sortitoutsi.b-cdn.net/uploads/logo/logo_4001706.png
Aldosivi,Club Atlético Aldosivi,108510,Argentina,95,https://sortitoutsi.b-cdn.net/uploads/logo/logo_108510.png
Alianza,Club Alianza Lima,117754,Peru,95,https://sortitoutsi.b-cdn.net/uploads/logo/logo_117754.png
Alianza Atlético,Club Alianza Atlético Sullana,308104,Peru,95,https://sortitoutsi.b-cdn.net/uploads/logo/logo_308104.png
All Boys,Club Atlético All Boys,102490,Argentina,95,https://sortitoutsi.b-cdn.net/uploads/logo/logo_102490.png
Alverca,Futebol Clube de Alverca,2391,Portugal,95,https://sortitoutsi.b-cdn.net/uploads/logo/logo_2391.png
Amarante,Amarante Futebol Clube,109042,Portugal,95,https://sortitoutsi.b-cdn.net/uploads/logo/logo_109042.png
Amazonas,Amazonas Futebol Clube SAF,19398655,Brazil,95,https://sortitoutsi.b-cdn.net/uploads/logo/logo_19398655.png
Amora,Amora Futebol Clube,2484,Portugal,95,https://sortitoutsi.b-cdn.net/uploads/logo/logo_2484.png
América de Cali,América de Cali S.A.,417,Colombia,95,https://sortitoutsi.b-cdn.net/uploads/logo/logo_417.png
Anadia,Anadia Futebol Clube,2460,Portugal,95,https://sortitoutsi.b-cdn.net/uploads/logo/logo_2460.png
Antequera,Antequera C.F.,814590,Spain,95,https://sortitoutsi.b-cdn.net/uploads/logo/logo_814590.png
Anyang,FC Anyang,66029603,The Republic of Korea,95,https://sortitoutsi.b-cdn.net/uploads/logo/logo_66029603.png
Anápolis,Anápolis Futebol Clube,301148,Brazil,95,https://sortitoutsi.b-cdn.net/uploads/logo/logo_301148.png
Apollon,GS Apollon Smyrnis,968,Greece,95,https://sortitoutsi.b-cdn.net/uploads/logo/logo_968.png
Arda,Arda 1924 Kardzhali,7506471,Bulgaria,95,https://sortitoutsi.b-cdn.net/uploads/logo/logo_7506471.png
Argentinos Juniors,Asociación Atlética Argentinos Juniors,78,Argentina,95,https://sortitoutsi.b-cdn.net/uploads/logo/logo_78.png
Argeș,ACS Campionii Fotbal Club Argeş,1502,Romania,95,https://sortitoutsi.b-cdn.net/uploads/logo/logo_1502.png
Aris,AS Aris Salonika,969,Greece,95,https://sortitoutsi.b-cdn.net/uploads/logo/logo_969.png
Athletico Paranaense,Clube Athlético Paranaense,107206,Brazil,95,https://sortitoutsi.b-cdn.net/uploads/logo/logo_107206.png
Atlanta,Club Atlético Atlanta,108517,Argentina,95,https://sortitoutsi.b-cdn.net/uploads/logo/logo_108517.png
Atlante,CF Atlante,102356,Mexico,95,https://sortitoutsi.b-cdn.net/uploads/logo/logo_102356.png
Atlético Bucaramanga,Club Atlético Bucaramanga S.A.,130802,Colombia,95,https://sortitoutsi.b-cdn.net/uploads/logo/logo_130802.png
Atlético CP,Atlético Clube de Portugal,2440,Portugal,95,https://sortitoutsi.b-cdn.net/uploads/logo/logo_2440.png
Atlético Huila,Club Deportivo Atlético Huila S.A.,130804,Colombia,95,https://sortitoutsi.b-cdn.net/uploads/logo/logo_130804.png
Atlético Mineiro,Clube Atlético Mineiro SAF,314,Brazil,95,https://sortitoutsi.b-cdn.net/uploads/logo/logo_314.png
Atlético Nacional,Atlético Nacional S.A.,427,Colombia,95,https://sortitoutsi.b-cdn.net/uploads/logo/logo_427.png
Atromitos,APS Atromitos Athens,129692,Greece,95,https://sortitoutsi.b-cdn.net/uploads/logo/logo_129692.png
Aucas,Sociedad Deportiva Aucas,308091,Ecuador,95,https://sortitoutsi.b-cdn.net/uploads/logo/logo_308091.png
Austria Klagenfurt,SK Austria Klagenfurt,16057026,Austria,95,https://sortitoutsi.b-cdn.net/uploads/logo/logo_16057026.png
Austria Lustenau,SC Austria Lustenau,106363,Austria,95,https://sortitoutsi.b-cdn.net/uploads/logo/logo_106363.png
Avaí,Avaí Futebol Clube,107208,Brazil,95,https://sortitoutsi.b-cdn.net/uploads/logo/logo_107208.png
Bahia,Esporte Clube Bahia SAF,315,Brazil,95,https://sortitoutsi.b-cdn.net/uploads/logo/logo_315.png
Bahia de Feira,Associação Desportiva Bahia de Feira,320262,Brazil,95,https://sortitoutsi.b-cdn.net/uploads/logo/logo_320262.png
Bandırmaspor,Teksüt Bandırmaspor,130304,Türkiye,95,https://sortitoutsi.b-cdn.net/uploads/logo/logo_130304.png
Banfield,Club Atlético Banfield,80,Argentina,95,https://sortitoutsi.b-cdn.net/uploads/logo/logo_80.png
Bangladesh Police,Bangladesh Police FC,5628934,Bangladesh,95,https://sortitoutsi.b-cdn.net/uploads/logo/logo_5628934.png
Barra,Barra Futebol Clube (SC),19213392,Brazil,95,https://sortitoutsi.b-cdn.net/uploads/logo/logo_19213392.png
Barracas Central,Club Atlético Barracas Central,952695,Argentina,95,https://sortitoutsi.b-cdn.net/uploads/logo/logo_952695.png
Basel,FC Basel 1893,1849,Switzerland,95,https://sortitoutsi.b-cdn.net/uploads/logo/logo_1849.png
Belgrano,Club Atlético Belgrano,81,Argentina,95,https://sortitoutsi.b-cdn.net/uploads/logo/logo_81.png
Bellinzona,AC Bellinzona,1101431,Switzerland,95,https://sortitoutsi.b-cdn.net/uploads/logo/logo_1101431.png
Benfica,Sport Lisboa e Benfica,1487,Portugal,95,https://sortitoutsi.b-cdn.net/uploads/logo/logo_1487.png
Bengaluru,Bengaluru FC,40024212,India,95,https://sortitoutsi.b-cdn.net/uploads/logo/logo_40024212.png
Beroe,Beroe Stara Zagora,341,Bulgaria,95,https://sortitoutsi.b-cdn.net/uploads/logo/logo_341.png
Betim,Betim Futebol,19170069,Brazil,95,https://sortitoutsi.b-cdn.net/uploads/logo/logo_19170069.png
Blooming,"Club Social, Cultural y Deportivo Blooming",1200689,Bolivia,95,https://sortitoutsi.b-cdn.net/uploads/logo/logo_1200689.png
Boca Juniors,Club Atlético Boca Juniors,82,Argentina,95,https://sortitoutsi.b-cdn.net/uploads/logo/logo_82.png
Bokelj,FK Bokelj Kotor,136474,Montenegro,95,https://sortitoutsi.b-cdn.net/uploads/logo/logo_136474.png
Bolívar,Club Bolívar,309,Bolivia,95,https://sortitoutsi.b-cdn.net/uploads/logo/logo_309.png
Boston River,Club Atlético Boston River,5512793,Uruguay,95,https://sortitoutsi.b-cdn.net/uploads/logo/logo_5512793.png
Botafogo,Botafogo de Futebol e Regatas SAF,316,Brazil,95,https://sortitoutsi.b-cdn.net/uploads/logo/logo_316.png
Brusque,Brusque Futebol Clube SAF,301302,Brazil,95,https://sortitoutsi.b-cdn.net/uploads/logo/logo_301302.png
Brühl,SC Brühl St. Gallen,5727277,Switzerland,95,https://sortitoutsi.b-cdn.net/uploads/logo/logo_5727277.png
Bucheon 1995,Bucheon FC 1995,66010556,The Republic of Korea,95,https://sortitoutsi.b-cdn.net/uploads/logo/logo_66010556.png
Busan I'Park,Busan IPARK FC,130775,The Republic of Korea,95,https://sortitoutsi.b-cdn.net/uploads/logo/logo_130775.png
CRAC,Clube Recreativo e Atlético Catalano,303018,Brazil,95,https://sortitoutsi.b-cdn.net/uploads/logo/logo_303018.png
CRB,Clube de Regatas Brasil,301102,Brazil,95,https://sortitoutsi.b-cdn.net/uploads/logo/logo_301102.png
CSA,Centro Sportivo Alagoano,107210,Brazil,95,https://sortitoutsi.b-cdn.net/uploads/logo/logo_107210.png
Cagliari,Cagliari Calcio,1114,Italy,95,https://sortitoutsi.b-cdn.net/uploads/logo/logo_1114.png
Caldas,Caldas Sport Clube,2420,Portugal,95,https://sortitoutsi.b-cdn.net/uploads/logo/logo_2420.png
Camboriú,Camboriú Futebol Clube SAF,8832366,Brazil,95,https://sortitoutsi.b-cdn.net/uploads/logo/logo_8832366.png
Campinense,Campinense Clube,301210,Brazil,95,https://sortitoutsi.b-cdn.net/uploads/logo/logo_301210.png
Capivariano,Capivariano Futebol Clube,318891,Brazil,95,https://sortitoutsi.b-cdn.net/uploads/logo/logo_318891.png
Carabobo,A.C. Carabobo Fútbol Club,5300226,Venezuela,95,https://sortitoutsi.b-cdn.net/uploads/logo/logo_5300226.png
Caracas,Caracas Fútbol Club,109188,Venezuela,95,https://sortitoutsi.b-cdn.net/uploads/logo/logo_109188.png
Cartagena,F.C. Cartagena,4203003,Spain,95,https://sortitoutsi.b-cdn.net/uploads/logo/logo_4203003.png
Cartaginés,CS Cartaginés,102366,Costa Rica,95,https://sortitoutsi.b-cdn.net/uploads/logo/logo_102366.png
Catanzaro,U.S. Catanzaro 1929,1119,Italy,95,https://sortitoutsi.b-cdn.net/uploads/logo/logo_1119.png
Caxias,Sociedade Esportiva e Recreativa Caxias do Sul,301266,Brazil,95,https://sortitoutsi.b-cdn.net/uploads/logo/logo_301266.png
Ceará,Ceará Sporting Club,104749,Brazil,95,https://sortitoutsi.b-cdn.net/uploads/logo/logo_104749.png
Cercle Brugge,KSV Cercle Brugge,184,Belgium,95,https://sortitoutsi.b-cdn.net/uploads/logo/logo_184.png
Cerrito,Club Sportivo Cerrito,5512780,Uruguay,95,https://sortitoutsi.b-cdn.net/uploads/logo/logo_5512780.png
Cerro,Club Cerro Porteño,1445,Paraguay,95,https://sortitoutsi.b-cdn.net/uploads/logo/logo_1445.png
Cerro Porteño,Club Cerro Porteño,1445,Paraguay,95,https://sortitoutsi.b-cdn.net/uploads/logo/logo_1445.png
Chacaritas,Chacaritas Fútbol Club,2000004586,Ecuador,95,https://sortitoutsi.b-cdn.net/uploads/logo/logo_2000004586.png
Chanthaburi,Chanthaburi FC,1039598,Thailand,95,https://sortitoutsi.b-cdn.net/uploads/logo/logo_1039598.png
Chapecoense,Associação Chapecoense de Futebol,301304,Brazil,95,https://sortitoutsi.b-cdn.net/uploads/logo/logo_301304.png
Chaves,Grupo Desportivo de Chaves,1480,Portugal,95,https://sortitoutsi.b-cdn.net/uploads/logo/logo_1480.png
Cherno More,Cherno more Varna,138156,Bulgaria,95,https://sortitoutsi.b-cdn.net/uploads/logo/logo_138156.png
Chonburi,Chonburi FC,5637855,Thailand,95,https://sortitoutsi.b-cdn.net/uploads/logo/logo_5637855.png
Chornomorets,Chornomorets Odesa,1884,Ukraine,95,https://sortitoutsi.b-cdn.net/uploads/logo/logo_1884.png
Cianorte,Cianorte Futebol Clube SAF,314600,Brazil,95,https://sortitoutsi.b-cdn.net/uploads/logo/logo_314600.png
Cienciano,Asociación Deportiva Fútbol Profesional Cienciano,308107,Peru,95,https://sortitoutsi.b-cdn.net/uploads/logo/logo_308107.png
Cincinnati,FC Cincinnati,20041327,The United States of America,95,https://sortitoutsi.b-cdn.net/uploads/logo/logo_20041327.png
Ciudad de Bolívar,Club Ciudad de Bolívar,14256018,Argentina,95,https://sortitoutsi.b-cdn.net/uploads/logo/logo_14256018.png
Clube Andraus Brasil,Clube Andraus Brasil Ltda.,19069555,Brazil,95,https://sortitoutsi.b-cdn.net/uploads/logo/logo_19069555.png
Cobán Imperial,CSD Cobán Imperial,308255,Guatemala,95,https://sortitoutsi.b-cdn.net/uploads/logo/logo_308255.png
Colegiales,Club Atlético Colegiales,951312,Argentina,95,https://sortitoutsi.b-cdn.net/uploads/logo/logo_951312.png
Colón,Club Atlético Colón de Santa Fe,102462,Argentina,95,https://sortitoutsi.b-cdn.net/uploads/logo/logo_102462.png
Comunicaciones,CSD Comunicaciones,102364,Guatemala,95,https://sortitoutsi.b-cdn.net/uploads/logo/logo_102364.png
Consadole Sapporo,Hokkaido Consadole Sapporo,107285,Japan,95,https://sortitoutsi.b-cdn.net/uploads/logo/logo_107285.png
Corinthians,Sport Club Corinthians Paulista,319,Brazil,95,https://sortitoutsi.b-cdn.net/uploads/logo/logo_319.png
Coritiba,Coritiba Foot Ball Club SAF,104776,Brazil,95,https://sortitoutsi.b-cdn.net/uploads/logo/logo_104776.png
Criciúma,Criciúma Esporte Clube,320,Brazil,95,https://sortitoutsi.b-cdn.net/uploads/logo/logo_320.png
Cruz Azul Hidalgo,CD Cruz Azul Hidalgo,136018,,95,https://sortitoutsi.b-cdn.net/uploads/logo/logo_136018.png
Cruzeiro,Cruzeiro Esporte Clube SAF,321,Brazil,95,https://sortitoutsi.b-cdn.net/uploads/logo/logo_321.png
Crvena Zvezda,FK Crvena zvezda Beograd,1955,Serbia,95,https://sortitoutsi.b-cdn.net/uploads/logo/logo_1955.png
Cuiabá,Cuiabá Esporte Clube SAF,318915,Brazil,95,https://sortitoutsi.b-cdn.net/uploads/logo/logo_318915.png
Cúcuta Deportivo,Cúcuta Deportivo Fútbol Club S.A.,309346,Colombia,95,https://sortitoutsi.b-cdn.net/uploads/logo/logo_309346.png
Daegu,Daegu FC,5705626,The Republic of Korea,95,https://sortitoutsi.b-cdn.net/uploads/logo/logo_5705626.png
Daejeon Citizen,Daejeon Hana Citizen FC,130774,The Republic of Korea,95,https://sortitoutsi.b-cdn.net/uploads/logo/logo_130774.png
Danubio,Danubio Fútbol Club,1918,Uruguay,95,https://sortitoutsi.b-cdn.net/uploads/logo/logo_1918.png
Defensa y Justicia,Club Social y Deportivo Defensa y Justicia,108526,Argentina,95,https://sortitoutsi.b-cdn.net/uploads/logo/logo_108526.png
Defensor Sporting,Defensor Sporting Club,1919,Uruguay,95,https://sortitoutsi.b-cdn.net/uploads/logo/logo_1919.png
Delfin,Delfín Sporting Club,5270169,Ecuador,95,https://sortitoutsi.b-cdn.net/uploads/logo/logo_5270169.png
Deportes Limache,Club de Deportes Limache,75034130,Chile,95,https://sortitoutsi.b-cdn.net/uploads/logo/logo_75034130.png
Deportes Quindío,Deportes Quindío S.A.,130803,Colombia,95,https://sortitoutsi.b-cdn.net/uploads/logo/logo_130803.png
Deportivo Cali,Club Profesional Deportivo Cali S.A.,421,Colombia,95,https://sortitoutsi.b-cdn.net/uploads/logo/logo_421.png
Deportivo Cuenca,Club Deportivo Cuenca,120979,Ecuador,95,https://sortitoutsi.b-cdn.net/uploads/logo/logo_120979.png
Deportivo Madryn,Club Social y Deportivo Madryn,14031205,Argentina,95,https://sortitoutsi.b-cdn.net/uploads/logo/logo_14031205.png
Deportivo Maldonado,Club Deportivo Maldonado,116309,Uruguay,95,https://sortitoutsi.b-cdn.net/uploads/logo/logo_116309.png
Deportivo Pasto,Club Profesional Deportivo Pasto S.A.,130800,Colombia,95,https://sortitoutsi.b-cdn.net/uploads/logo/logo_130800.png
Deportivo Pereira,Sociedad Deportivo Pereira F.C. S.A.,308516,Colombia,95,https://sortitoutsi.b-cdn.net/uploads/logo/logo_308516.png
Deportivo Recoleta,Club Deportivo Recoleta,5280218,Paraguay,95,https://sortitoutsi.b-cdn.net/uploads/logo/logo_5280218.png
Deportivo Táchira,Deportivo Táchira F.C.,120998,Venezuela,95,https://sortitoutsi.b-cdn.net/uploads/logo/logo_120998.png
Domžale,NK Domžale,128652,Slovenia,95,https://sortitoutsi.b-cdn.net/uploads/logo/logo_128652.png
ES Tunis,Espérance Sportive de Tunis,106858,Tunisia,95,https://sortitoutsi.b-cdn.net/uploads/logo/logo_106858.png
East Bengal,SC East Bengal,130637,India,95,https://sortitoutsi.b-cdn.net/uploads/logo/logo_130637.png
Eastern,Eastern Athletic Association Football Team,133669,Hong Kong,95,https://sortitoutsi.b-cdn.net/uploads/logo/logo_133669.png
Eastern District,Eastern District Sports Association,7400960,Hong Kong,95,https://sortitoutsi.b-cdn.net/uploads/logo/logo_7400960.png
El Nacional,Club Deportivo El Nacional,109178,Ecuador,95,https://sortitoutsi.b-cdn.net/uploads/logo/logo_109178.png
Elfsborg,IF Elfsborg,1802,Sweden,95,https://sortitoutsi.b-cdn.net/uploads/logo/logo_1802.png
Elversberg,SV Elversberg,121200,Germany,95,https://sortitoutsi.b-cdn.net/uploads/logo/logo_121200.png
Emelec,Club Sport Emelec,109177,Ecuador,95,https://sortitoutsi.b-cdn.net/uploads/logo/logo_109177.png
Emirates,Emirates Cultural & Sports Club,135435,The United Arab Emirates,95,https://sortitoutsi.b-cdn.net/uploads/logo/logo_135435.png
Envigado,Envigado Fútbol Club S.A.,120936,Colombia,95,https://sortitoutsi.b-cdn.net/uploads/logo/logo_120936.png
Estrela Amadora,C.F. Estrela da Amadora,1473,Portugal,95,https://sortitoutsi.b-cdn.net/uploads/logo/logo_1473.png
Estudiantes de Mérida,Estudiantes de Mérida F.C.,109189,Venezuela,95,https://sortitoutsi.b-cdn.net/uploads/logo/logo_109189.png
Eyüpspor,İKAS Eyüpspor,130289,Türkiye,95,https://sortitoutsi.b-cdn.net/uploads/logo/logo_130289.png
Fafe,Associação Desportiva de Fafe,2410,Portugal,95,https://sortitoutsi.b-cdn.net/uploads/logo/logo_2410.png
Fagiano Okayama,Fagiano Okayama F.C.,786547,Japan,95,https://sortitoutsi.b-cdn.net/uploads/logo/logo_786547.png
Famalicão,Futebol Clube Famalicão,2397,Portugal,95,https://sortitoutsi.b-cdn.net/uploads/logo/logo_2397.png
Farense,Sporting Clube Farense,1485,Portugal,95,https://sortitoutsi.b-cdn.net/uploads/logo/logo_1485.png
Farul Constanţa,FCV Farul Constanţa,2000104441,Romania,95,https://sortitoutsi.b-cdn.net/uploads/logo/logo_2000104441.png
Fatih Karagümrük,Mısırlı.com.tr Fatih Karagümrük,458631,Türkiye,95,https://sortitoutsi.b-cdn.net/uploads/logo/logo_458631.png
Feirense,Clube Desportivo Feirense,2387,Portugal,95,https://sortitoutsi.b-cdn.net/uploads/logo/logo_2387.png
Fenerbahçe,Fenerbahçe A.Ş.,1870,Türkiye,95,https://sortitoutsi.b-cdn.net/uploads/logo/logo_1870.png
Ferencváros,Ferencvárosi Torna Club,1055,Hungary,95,https://sortitoutsi.b-cdn.net/uploads/logo/logo_1055.png
Figueirense,Figueirense Futebol Clube SAF,301306,Brazil,95,https://sortitoutsi.b-cdn.net/uploads/logo/logo_301306.png
Flamengo,Clube de Regatas do Flamengo,322,Brazil,95,https://sortitoutsi.b-cdn.net/uploads/logo/logo_322.png
Floriana,Floriana FC,1241,Malta,95,https://sortitoutsi.b-cdn.net/uploads/logo/logo_1241.png
Fluminense,Fluminense Football Club,323,Brazil,95,https://sortitoutsi.b-cdn.net/uploads/logo/logo_323.png
Fortaleza,Fortaleza Esporte Clube SAF,104750,Brazil,95,https://sortitoutsi.b-cdn.net/uploads/logo/logo_104750.png
Francs Borains,Royal Francs Borains,527945,Belgium,95,https://sortitoutsi.b-cdn.net/uploads/logo/logo_527945.png
Fénix,Club Atlético Fénix,952727,Argentina,95,https://sortitoutsi.b-cdn.net/uploads/logo/logo_952727.png
Galatasaray,Galatasaray A.Ş.,1871,Türkiye,95,https://sortitoutsi.b-cdn.net/uploads/logo/logo_1871.png
Gama,Sociedade Esportiva do Gama SAF,121262,Brazil,95,https://sortitoutsi.b-cdn.net/uploads/logo/logo_121262.png
Gangwon,Gangwon FC,66006663,The Republic of Korea,95,https://sortitoutsi.b-cdn.net/uploads/logo/logo_66006663.png
Genoa,Genoa C.F.C.,1132,Italy,95,https://sortitoutsi.b-cdn.net/uploads/logo/logo_1132.png
Gil Vicente,Gil Vicente Futebol Clube,1481,Portugal,95,https://sortitoutsi.b-cdn.net/uploads/logo/logo_1481.png
Godoy Cruz,Club Deportivo Godoy Cruz Antonio Tomba,102491,Argentina,95,https://sortitoutsi.b-cdn.net/uploads/logo/logo_102491.png
Goiás,Goiás Esporte Clube,102555,Brazil,95,https://sortitoutsi.b-cdn.net/uploads/logo/logo_102555.png
Grêmio,Grêmio Foot-Ball Porto Alegrense,324,Brazil,95,https://sortitoutsi.b-cdn.net/uploads/logo/logo_324.png
Grêmio Novorizontino,Grêmio Novorizontino SAF,19144990,Brazil,95,https://sortitoutsi.b-cdn.net/uploads/logo/logo_19144990.png
Grêmio Prudente,Grêmio Desportivo Prudente,19042909,Brazil,95,https://sortitoutsi.b-cdn.net/uploads/logo/logo_19042909.png
Guabirá,Club Deportivo Socio Cultural Guabirá,308103,Bolivia,95,https://sortitoutsi.b-cdn.net/uploads/logo/logo_308103.png
Guarani,Guarani Futebol Clube,325,Brazil,95,https://sortitoutsi.b-cdn.net/uploads/logo/logo_325.png
Guaraní,Guarani Futebol Clube,325,Brazil,95,https://sortitoutsi.b-cdn.net/uploads/logo/logo_325.png
Guayaquil City,Guayaquil City Fútbol Club,80000716,Ecuador,95,https://sortitoutsi.b-cdn.net/uploads/logo/logo_80000716.png
Gyeongnam,Gyeongnam FC,5710867,The Republic of Korea,95,https://sortitoutsi.b-cdn.net/uploads/logo/logo_5710867.png
Göztepe,Göztepe A.Ş.,130338,Türkiye,95,https://sortitoutsi.b-cdn.net/uploads/logo/logo_130338.png
Ha Noi,Ha Noi T&T,5639254,,95,https://sortitoutsi.b-cdn.net/uploads/logo/logo_5639254.png
Hard,Fussballclub Hard,137977,Austria,95,https://sortitoutsi.b-cdn.net/uploads/logo/logo_137977.png
Hatta,Hatta Sports Club,135434,The United Arab Emirates,95,https://sortitoutsi.b-cdn.net/uploads/logo/logo_135434.png
Hearts,Hearts of Oak SC,1104147,Ghana,95,https://sortitoutsi.b-cdn.net/uploads/logo/logo_1104147.png
Hellas Verona,Hellas Verona F.C.,2201,Italy,95,https://sortitoutsi.b-cdn.net/uploads/logo/logo_2201.png
Henan,Henan FC,131162,The People's Republic of China,95,https://sortitoutsi.b-cdn.net/uploads/logo/logo_131162.png
Hobro,Hobro Idræts Klub,930210,Denmark,95,https://sortitoutsi.b-cdn.net/uploads/logo/logo_930210.png
Houston Dynamo,Houston Dynamo FC,72000112,The United States of America,95,https://sortitoutsi.b-cdn.net/uploads/logo/logo_72000112.png
Huracán,Club Atlético Huracán,88,Argentina,95,https://sortitoutsi.b-cdn.net/uploads/logo/logo_88.png
Hwaseong,Hwaseong FC,66033365,The Republic of Korea,95,https://sortitoutsi.b-cdn.net/uploads/logo/logo_66033365.png
Ibiza,U.D. Ibiza,4212168,Spain,95,https://sortitoutsi.b-cdn.net/uploads/logo/logo_4212168.png
Imbabura,Imbabura Sporting Club,80000476,Ecuador,95,https://sortitoutsi.b-cdn.net/uploads/logo/logo_80000476.png
Independiente,Club Atlético Independiente,89,Argentina,95,https://sortitoutsi.b-cdn.net/uploads/logo/logo_89.png
Independiente Rivadavia,Club Sportivo Independiente Rivadavia,3101453,Argentina,95,https://sortitoutsi.b-cdn.net/uploads/logo/logo_3101453.png
Independiente del Valle,Club Deportivo Independiente del Valle,80001277,Ecuador,95,https://sortitoutsi.b-cdn.net/uploads/logo/logo_80001277.png
Inhumas,Inhumas Esporte Clube,19223517,Brazil,95,https://sortitoutsi.b-cdn.net/uploads/logo/logo_19223517.png
Instituto,Instituto Atlético Central Córdoba,102485,Argentina,95,https://sortitoutsi.b-cdn.net/uploads/logo/logo_102485.png
Inter Miami,Inter Miami CF,72052048,The United States of America,95,https://sortitoutsi.b-cdn.net/uploads/logo/logo_72052048.png
Inter de Limeira,Associação Atlética Internacional,104979,Brazil,95,https://sortitoutsi.b-cdn.net/uploads/logo/logo_104979.png
Internacional,Sport Club Internacional,326,Brazil,95,https://sortitoutsi.b-cdn.net/uploads/logo/logo_326.png
Itabaiana,Associação Olímpica de Itabaiana,301325,Brazil,95,https://sortitoutsi.b-cdn.net/uploads/logo/logo_301325.png
Ituano,Ituano Futebol Clube,107216,Brazil,95,https://sortitoutsi.b-cdn.net/uploads/logo/logo_107216.png
Iğdır FK,Alagöz Holding Iğdır Futbol Kulübü,70108557,Türkiye,95,https://sortitoutsi.b-cdn.net/uploads/logo/logo_70108557.png
Jaguares de Córdoba,Jaguares Fútbol Club S.A.,76034968,Colombia,95,https://sortitoutsi.b-cdn.net/uploads/logo/logo_76034968.png
Johor Darul Ta'zim,Johor Darul Ta'zim FC,23195015,Malaysia,95,https://sortitoutsi.b-cdn.net/uploads/logo/logo_23195015.png
Joinville,Joinville Esporte Clube,301310,Brazil,95,https://sortitoutsi.b-cdn.net/uploads/logo/logo_301310.png
Junior,Club Deportivo Popular Junior F.C. S.A.,419,Colombia,95,https://sortitoutsi.b-cdn.net/uploads/logo/logo_419.png
Juve Stabia,S.S. Juve Stabia,1138,Italy,95,https://sortitoutsi.b-cdn.net/uploads/logo/logo_1138.png
Juventud,Club Atlético Juventud (Las Piedras),130848,Uruguay,95,https://sortitoutsi.b-cdn.net/uploads/logo/logo_130848.png
Juventude,Esporte Clube Juventude,327,Brazil,95,https://sortitoutsi.b-cdn.net/uploads/logo/logo_327.png
Juventus,Juventus F.C.,1139,Italy,95,https://sortitoutsi.b-cdn.net/uploads/logo/logo_1139.png
Juárez,Fútbol Club Juárez,51051219,Mexico,95,https://sortitoutsi.b-cdn.net/uploads/logo/logo_51051219.png
Kairat,Qaırat Almaty,484442,Kazakhstan,95,https://sortitoutsi.b-cdn.net/uploads/logo/logo_484442.png
Kalamata,PS Kalamata,1300567,Greece,95,https://sortitoutsi.b-cdn.net/uploads/logo/logo_1300567.png
Kapaz,Kəpəz Peşakar Futbol Klubu,59008177,Azerbaijan,95,https://sortitoutsi.b-cdn.net/uploads/logo/logo_59008177.png
Karpaty,Karpaty Lviv,2000053380,Ukraine,95,https://sortitoutsi.b-cdn.net/uploads/logo/logo_2000053380.png
Karviná,MFK Karviná,1300307,Czechia,95,https://sortitoutsi.b-cdn.net/uploads/logo/logo_1300307.png
Kitchee,Kitchee Sports Club,133674,Hong Kong,95,https://sortitoutsi.b-cdn.net/uploads/logo/logo_133674.png
Konyaspor,Tümosan Konyaspor,130344,Türkiye,95,https://sortitoutsi.b-cdn.net/uploads/logo/logo_130344.png
Kowloon City,Kowloon City District Council,5623925,Hong Kong,95,https://sortitoutsi.b-cdn.net/uploads/logo/logo_5623925.png
Krasnodar,FK Krasnodar,58029064,Russia,95,https://sortitoutsi.b-cdn.net/uploads/logo/logo_58029064.png
LASK,Linzer ASK,154,Austria,95,https://sortitoutsi.b-cdn.net/uploads/logo/logo_154.png
La Luz,La Luz Fútbol Club,5512782,Uruguay,95,https://sortitoutsi.b-cdn.net/uploads/logo/logo_5512782.png
La Serena,Deportes La Serena,130796,Chile,95,https://sortitoutsi.b-cdn.net/uploads/logo/logo_130796.png
Lagarto,Club Atlético Compañía General de Salto,14057743,Argentina,95,https://sortitoutsi.b-cdn.net/uploads/logo/logo_14057743.png
Lanús,Club Atlético Lanús,90,Argentina,95,https://sortitoutsi.b-cdn.net/uploads/logo/logo_90.png
Las Palmas,U.D. Las Palmas,1772,Spain,95,https://sortitoutsi.b-cdn.net/uploads/logo/logo_1772.png
Laçi,Klubi i Futbollit Laçi,68,Albania,95,https://sortitoutsi.b-cdn.net/uploads/logo/logo_68.png
Lee Man,Lee Man Football Club,23405909,Hong Kong,95,https://sortitoutsi.b-cdn.net/uploads/logo/logo_23405909.png
Leixões,Leixões Sport Clube,2406,Portugal,95,https://sortitoutsi.b-cdn.net/uploads/logo/logo_2406.png
Leones del Norte,Leones Fútbol Club,2000076131,Ecuador,95,https://sortitoutsi.b-cdn.net/uploads/logo/logo_2000076131.png
Levadia,FC Levadia Tallinn,121267,,95,https://sortitoutsi.b-cdn.net/uploads/logo/logo_121267.png
Levski Sofia,PFC Levski Sofia,349,Bulgaria,95,https://sortitoutsi.b-cdn.net/uploads/logo/logo_349.png
León,Club León,1259,Mexico,95,https://sortitoutsi.b-cdn.net/uploads/logo/logo_1259.png
Libertad,Club Libertad,5280161,Paraguay,95,https://sortitoutsi.b-cdn.net/uploads/logo/logo_5280161.png
Liefering,FC Liefering,16123919,Austria,95,https://sortitoutsi.b-cdn.net/uploads/logo/logo_16123919.png
Linense,Real Balompédica Linense,4212111,Spain,95,https://sortitoutsi.b-cdn.net/uploads/logo/logo_4212111.png
Livyi Bereh,Livyi Bereh Kyiv,2000032124,Ukraine,95,https://sortitoutsi.b-cdn.net/uploads/logo/logo_2000032124.png
Llaneros,Club Llaneros S.A.,76033284,Colombia,95,https://sortitoutsi.b-cdn.net/uploads/logo/logo_76033284.png
Lokomotiv Plovdiv,Lokomotiv 1926 Plovdiv,351,Bulgaria,95,https://sortitoutsi.b-cdn.net/uploads/logo/logo_351.png
Londrina,Londrina Esporte Clube SAF,900678,Brazil,95,https://sortitoutsi.b-cdn.net/uploads/logo/logo_900678.png
Los Angeles Galaxy,LA Galaxy,1907,The United States of America,95,https://sortitoutsi.b-cdn.net/uploads/logo/logo_1907.png
Ludogorets,Ludogorets 1945 Razgrad,22003969,Bulgaria,95,https://sortitoutsi.b-cdn.net/uploads/logo/logo_22003969.png
Lugano,FC Lugano,1850,Switzerland,95,https://sortitoutsi.b-cdn.net/uploads/logo/logo_1850.png
Luverdense,Luverdense Esporte Clube,8832317,Brazil,95,https://sortitoutsi.b-cdn.net/uploads/logo/logo_8832317.png
Luzern,FC Luzern,1851,Switzerland,95,https://sortitoutsi.b-cdn.net/uploads/logo/logo_1851.png
Macará,Club Social y Deportivo Macará,131108,Ecuador,95,https://sortitoutsi.b-cdn.net/uploads/logo/logo_131108.png
Mafra,Clube Desportivo de Mafra,736258,Portugal,95,https://sortitoutsi.b-cdn.net/uploads/logo/logo_736258.png
Magallanes,Deportes Magallanes,130797,Chile,95,https://sortitoutsi.b-cdn.net/uploads/logo/logo_130797.png
Malacateco,CD Malacateco,87000504,Guatemala,95,https://sortitoutsi.b-cdn.net/uploads/logo/logo_87000504.png
Mamelodi Sundowns,Mamelodi Sundowns Football Club,1644,South Africa,95,https://sortitoutsi.b-cdn.net/uploads/logo/logo_1644.png
Manta,Manta Fútbol Club,5270358,Ecuador,95,https://sortitoutsi.b-cdn.net/uploads/logo/logo_5270358.png
Mantova,Mantova 1911,700198,Italy,95,https://sortitoutsi.b-cdn.net/uploads/logo/logo_700198.png
Marathón,CD Marathón,308276,Honduras,95,https://sortitoutsi.b-cdn.net/uploads/logo/logo_308276.png
Marcílio Dias,Clube Náutico Marcílio Dias,301316,Brazil,95,https://sortitoutsi.b-cdn.net/uploads/logo/logo_301316.png
Marialvas,Clube de Futebol Os Marialvas,4100014,Portugal,95,https://sortitoutsi.b-cdn.net/uploads/logo/logo_4100014.png
Maricá,Maricá Futebol Clube,19344101,Brazil,95,https://sortitoutsi.b-cdn.net/uploads/logo/logo_19344101.png
Maringá,Maringá Futebol Clube SAF,19145268,Brazil,95,https://sortitoutsi.b-cdn.net/uploads/logo/logo_19145268.png
Marítimo,Clube Sport Marítimo,1476,Portugal,95,https://sortitoutsi.b-cdn.net/uploads/logo/logo_1476.png
Mazatlán,Mazatlán Fútbol Club,2000017276,Mexico,95,https://sortitoutsi.b-cdn.net/uploads/logo/logo_2000017276.png
Medellín,El Equipo del Pueblo S.A.,425,Colombia,95,https://sortitoutsi.b-cdn.net/uploads/logo/logo_425.png
Melgar,Football Club Melgar,303815,Peru,95,https://sortitoutsi.b-cdn.net/uploads/logo/logo_303815.png
Metaloglobus,FC Metaloglobus Bucureşti,57061123,Romania,95,https://sortitoutsi.b-cdn.net/uploads/logo/logo_57061123.png
Millonarios,Azul y Blanco Millonarios Fútbol Club S. A.,426,Colombia,95,https://sortitoutsi.b-cdn.net/uploads/logo/logo_426.png
Miramar Misiones,Club Sportivo Miramar Misiones,5512559,Uruguay,95,https://sortitoutsi.b-cdn.net/uploads/logo/logo_5512559.png
Mirandela,Sport Clube de Mirandela,2455,Portugal,95,https://sortitoutsi.b-cdn.net/uploads/logo/logo_2455.png
Mirandés,C.D. Mirandés,4212197,Spain,95,https://sortitoutsi.b-cdn.net/uploads/logo/logo_4212197.png
Mirassol,Mirassol Futebol Clube,301344,Brazil,95,https://sortitoutsi.b-cdn.net/uploads/logo/logo_301344.png
Monagas,Monagas Sport Club,5300223,Venezuela,95,https://sortitoutsi.b-cdn.net/uploads/logo/logo_5300223.png
Monsoon FC,Monsoon Futebol Clube,2000172789,Brazil,95,https://sortitoutsi.b-cdn.net/uploads/logo/logo_2000172789.png
Monza,A.C. Monza,1149,Italy,95,https://sortitoutsi.b-cdn.net/uploads/logo/logo_1149.png
Moreirense,Moreirense Futebol Clube,2389,Portugal,95,https://sortitoutsi.b-cdn.net/uploads/logo/logo_2389.png
Municipal,Club Centro Deportivo Municipal,1446,Peru,95,https://sortitoutsi.b-cdn.net/uploads/logo/logo_1446.png
Mushuc Runa,Mushuc Runa Sporting Club,86018286,Ecuador,95,https://sortitoutsi.b-cdn.net/uploads/logo/logo_86018286.png
Móstoles,C.D. Móstoles U.R.J.C.,67196154,Spain,95,https://sortitoutsi.b-cdn.net/uploads/logo/logo_67196154.png
Nacional,Club Nacional de Football,1921,Uruguay,95,https://sortitoutsi.b-cdn.net/uploads/logo/logo_1921.png
Nacional Potosí,Club Atlético Nacional Potosí,86005823,Bolivia,95,https://sortitoutsi.b-cdn.net/uploads/logo/logo_86005823.png
Nakhon Ratchasima,Nakhon Ratchasima Mazda FC,5637857,Thailand,95,https://sortitoutsi.b-cdn.net/uploads/logo/logo_5637857.png
Napoli,S.S.C. Napoli,1150,Italy,95,https://sortitoutsi.b-cdn.net/uploads/logo/logo_1150.png
Necaxa,Deportivo Necaxa,1258,Mexico,95,https://sortitoutsi.b-cdn.net/uploads/logo/logo_1258.png
New York City,New York City FC,72041885,The United States of America,95,https://sortitoutsi.b-cdn.net/uploads/logo/logo_72041885.png
Noroeste,Esporte Clube Noroeste,303612,Brazil,95,https://sortitoutsi.b-cdn.net/uploads/logo/logo_303612.png
North District,North District Football Club,5638118,Hong Kong,95,https://sortitoutsi.b-cdn.net/uploads/logo/logo_5638118.png
North Texas,North Texas SC,20047516,The United States of America,95,https://sortitoutsi.b-cdn.net/uploads/logo/logo_20047516.png
Nova Iguaçu,Nova Iguaçu Futebol Clube,311107,Brazil,95,https://sortitoutsi.b-cdn.net/uploads/logo/logo_311107.png
Novo Hamburgo,Esporte Clube Novo Hamburgo,308628,Brazil,95,https://sortitoutsi.b-cdn.net/uploads/logo/logo_308628.png
Nueva Chicago,Club Atlético Nueva Chicago,102486,Argentina,95,https://sortitoutsi.b-cdn.net/uploads/logo/logo_102486.png
Náutico,Clube Náutico Capibaribe,328,Brazil,95,https://sortitoutsi.b-cdn.net/uploads/logo/logo_328.png
Nürnberg,1. FC Nürnberg,899,Germany,95,https://sortitoutsi.b-cdn.net/uploads/logo/logo_899.png
Oeste,Argentino Oeste Fútbol Club de San Nicolás,14037197,Argentina,95,https://sortitoutsi.b-cdn.net/uploads/logo/logo_14037197.png
Olimpia,Club Olimpia,102924,Paraguay,95,https://sortitoutsi.b-cdn.net/uploads/logo/logo_102924.png
Olimpija,NK Olimpija Ljubljana,1639,Slovenia,95,https://sortitoutsi.b-cdn.net/uploads/logo/logo_1639.png
Oliveira Hospital,Futebol Clube de Oliveira de Hospital,2463,Portugal,95,https://sortitoutsi.b-cdn.net/uploads/logo/logo_2463.png
Olmedo,Centro Deportivo Olmedo,131111,Ecuador,95,https://sortitoutsi.b-cdn.net/uploads/logo/logo_131111.png
Olympiakos,Olympiacos SF Piraeus,981,Greece,95,https://sortitoutsi.b-cdn.net/uploads/logo/logo_981.png
Once Caldas,Once Caldas S.A.,420,Colombia,95,https://sortitoutsi.b-cdn.net/uploads/logo/logo_420.png
Orenburg,FC Orenburg,58127493,Russia,95,https://sortitoutsi.b-cdn.net/uploads/logo/logo_58127493.png
Orense,Orense Sporting Club,86047634,Ecuador,95,https://sortitoutsi.b-cdn.net/uploads/logo/logo_86047634.png
Oţelul,ACS Suporter Club Oţelul Galaţi,57152989,Romania,95,https://sortitoutsi.b-cdn.net/uploads/logo/logo_57152989.png
PAOK,AS PAOK Salonika,982,Greece,95,https://sortitoutsi.b-cdn.net/uploads/logo/logo_982.png
PSBS Biak Numfor,PSBS Biak,41001022,Indonesia,95,https://sortitoutsi.b-cdn.net/uploads/logo/logo_41001022.png
Pachuca,Club de Fútbol Pachuca,116204,Mexico,95,https://sortitoutsi.b-cdn.net/uploads/logo/logo_116204.png
Padova,Calcio Padova,1154,Italy,95,https://sortitoutsi.b-cdn.net/uploads/logo/logo_1154.png
Pafos,Pafos FC,26031118,Cyprus,95,https://sortitoutsi.b-cdn.net/uploads/logo/logo_26031118.png
Palmeiras,Sociedade Esportiva Palmeiras,329,Brazil,95,https://sortitoutsi.b-cdn.net/uploads/logo/logo_329.png
Panathinaikos,Panathinaikos AO,983,Greece,95,https://sortitoutsi.b-cdn.net/uploads/logo/logo_983.png
Panionios,GSS Panionios,984,Greece,95,https://sortitoutsi.b-cdn.net/uploads/logo/logo_984.png
Panserraikos,MGS Panserraikos,129666,Greece,95,https://sortitoutsi.b-cdn.net/uploads/logo/logo_129666.png
Paredes,União Sport Clube Paredes,4102502,Portugal,95,https://sortitoutsi.b-cdn.net/uploads/logo/logo_4102502.png
Parma,Parma Calcio 1913,1156,Italy,95,https://sortitoutsi.b-cdn.net/uploads/logo/logo_1156.png
Paysandu,Paysandu Sport Club,331,Brazil,95,https://sortitoutsi.b-cdn.net/uploads/logo/logo_331.png
Paços de Ferreira,Futebol Clube Paços de Ferreira,2386,Portugal,95,https://sortitoutsi.b-cdn.net/uploads/logo/logo_2386.png
Pelister,FK Pelister Bitola,1235,The Republic of North Macedonia,95,https://sortitoutsi.b-cdn.net/uploads/logo/logo_1235.png
Penafiel,Futebol Clube de Penafiel,1477,Portugal,95,https://sortitoutsi.b-cdn.net/uploads/logo/logo_1477.png
Pendikspor,Siltaş Yapı Pendikspor Futbol A.Ş.,130362,Türkiye,95,https://sortitoutsi.b-cdn.net/uploads/logo/logo_130362.png
Persib,Persib Bandung,116140,Indonesia,95,https://sortitoutsi.b-cdn.net/uploads/logo/logo_116140.png
Persija,Persija Jakarta,116144,Indonesia,95,https://sortitoutsi.b-cdn.net/uploads/logo/logo_116144.png
Persijap,Persijap Jepara,5622745,Indonesia,95,https://sortitoutsi.b-cdn.net/uploads/logo/logo_5622745.png
Petro de Luanda,Atlético Petróleos de Luanda,74,Angola,95,https://sortitoutsi.b-cdn.net/uploads/logo/logo_74.png
Petrolul 52,ACS Petrolul 52,57151160,Romania,95,https://sortitoutsi.b-cdn.net/uploads/logo/logo_57151160.png
Peñarol,Club Atlético Peñarol,1922,Uruguay,95,https://sortitoutsi.b-cdn.net/uploads/logo/logo_1922.png
Piauí,Piauí Esporte Clube,309640,Brazil,95,https://sortitoutsi.b-cdn.net/uploads/logo/logo_309640.png
Platense,Club Atlético Platense,92,Argentina,95,https://sortitoutsi.b-cdn.net/uploads/logo/logo_92.png
Plaza Amador,CD Plaza Amador,308262,Panama,95,https://sortitoutsi.b-cdn.net/uploads/logo/logo_308262.png
Plaza Colonia,Club Plaza Colonia,5512779,Uruguay,95,https://sortitoutsi.b-cdn.net/uploads/logo/logo_5512779.png
Pogradeci,Klubi Sportiv Pogradeci,8351387,Albania,95,https://sortitoutsi.b-cdn.net/uploads/logo/logo_8351387.png
Pohang Steelers,FC Pohang Steelers,106818,The Republic of Korea,95,https://sortitoutsi.b-cdn.net/uploads/logo/logo_106818.png
Polissya,Polissia Zhytomyr,71100094,Ukraine,95,https://sortitoutsi.b-cdn.net/uploads/logo/logo_71100094.png
Pombal,Sporting Clube de Pombal,2470,Portugal,95,https://sortitoutsi.b-cdn.net/uploads/logo/logo_2470.png
Ponferradina,S.D. Ponferradina,4212307,Spain,95,https://sortitoutsi.b-cdn.net/uploads/logo/logo_4212307.png
Ponte Preta,Associação Atlética Ponte Preta,332,Brazil,95,https://sortitoutsi.b-cdn.net/uploads/logo/logo_332.png
Portimonense,Portimonense Sporting Clube,2438,Portugal,95,https://sortitoutsi.b-cdn.net/uploads/logo/logo_2438.png
Porto,Futebol Clube do Porto,1478,Portugal,95,https://sortitoutsi.b-cdn.net/uploads/logo/logo_1478.png
Portuguesa,Associação Portuguesa de Desportos SAF,333,Brazil,95,https://sortitoutsi.b-cdn.net/uploads/logo/logo_333.png
Prachuap,Prachuap FC,23268087,Thailand,95,https://sortitoutsi.b-cdn.net/uploads/logo/logo_23268087.png
Progreso,Club Atlético Progreso,1923,Uruguay,95,https://sortitoutsi.b-cdn.net/uploads/logo/logo_1923.png
Pyramids,Pyramids Football Club,13208139,Egypt,95,https://sortitoutsi.b-cdn.net/uploads/logo/logo_13208139.png
Pérez Zeledón,ADM Pérez Zeledón,5385098,Costa Rica,95,https://sortitoutsi.b-cdn.net/uploads/logo/logo_5385098.png
Qarabag,FK Qarabağ,127787,Azerbaijan,95,https://sortitoutsi.b-cdn.net/uploads/logo/logo_127787.png
Qatar SC,Qatar Sports Club,5624425,Qatar,95,https://sortitoutsi.b-cdn.net/uploads/logo/logo_5624425.png
Querétaro,Querétaro Fútbol Club,136014,Mexico,95,https://sortitoutsi.b-cdn.net/uploads/logo/logo_136014.png
Quilmes,Quilmes Atlético Club,102487,Argentina,95,https://sortitoutsi.b-cdn.net/uploads/logo/logo_102487.png
Quixadá,Quixadá Futebol Clube,313261,Brazil,95,https://sortitoutsi.b-cdn.net/uploads/logo/logo_313261.png
Racing,Racing Club de Avellaneda,93,Argentina,95,https://sortitoutsi.b-cdn.net/uploads/logo/logo_93.png
Racing Club,Racing Club de Avellaneda,93,Argentina,95,https://sortitoutsi.b-cdn.net/uploads/logo/logo_93.png
Rampla Juniors,Rampla Juniors Fútbol Club,1924,Uruguay,95,https://sortitoutsi.b-cdn.net/uploads/logo/logo_1924.png
Rapid Bucureşti,FC Rapid Bucureşti,1510,,95,https://sortitoutsi.b-cdn.net/uploads/logo/logo_1510.png
Ratchaburi,Ratchaburi Mitr Phol FC,23038393,Thailand,95,https://sortitoutsi.b-cdn.net/uploads/logo/logo_23038393.png
Rayo Vallecano,Rayo Vallecano de Madrid,1729,Spain,95,https://sortitoutsi.b-cdn.net/uploads/logo/logo_1729.png
Rayong,Rayong FC,5625051,Thailand,95,https://sortitoutsi.b-cdn.net/uploads/logo/logo_5625051.png
Real Betis,Real Betis Balompié,1733,Spain,95,https://sortitoutsi.b-cdn.net/uploads/logo/logo_1733.png
Real Cartagena,Real Cartagena Fútbol Club S.A.,130801,Colombia,95,https://sortitoutsi.b-cdn.net/uploads/logo/logo_130801.png
Real Estelí,Real Estelí FC,5375175,Nicaragua,95,https://sortitoutsi.b-cdn.net/uploads/logo/logo_5375175.png
Real Madrid,Real Madrid C.F.,1736,Spain,95,https://sortitoutsi.b-cdn.net/uploads/logo/logo_1736.png
Real Murcia,Real Murcia C.F.,1739,Spain,95,https://sortitoutsi.b-cdn.net/uploads/logo/logo_1739.png
Real Oruro,Club Deportivo Totora Real Oruro,2000184373,Bolivia,95,https://sortitoutsi.b-cdn.net/uploads/logo/logo_2000184373.png
Remo,Clube do Remo,334,Brazil,95,https://sortitoutsi.b-cdn.net/uploads/logo/logo_334.png
Rentistas,Club Atlético Rentistas,115039,Uruguay,95,https://sortitoutsi.b-cdn.net/uploads/logo/logo_115039.png
Retrô,Retrô Futebol Clube Brasil,19382040,Brazil,95,https://sortitoutsi.b-cdn.net/uploads/logo/logo_19382040.png
Rhode Island,Rhode Island Reds FC,20029581,,95,https://sortitoutsi.b-cdn.net/uploads/logo/logo_20029581.png
Rijeka,HNK Rijeka,441,Croatia,95,https://sortitoutsi.b-cdn.net/uploads/logo/logo_441.png
Rio Ave,Rio Ave Futebol Clube,2383,Portugal,95,https://sortitoutsi.b-cdn.net/uploads/logo/logo_2383.png
River Plate,Club Atlético River Plate,94,Argentina,95,https://sortitoutsi.b-cdn.net/uploads/logo/logo_94.png
Roma,A.S. Roma,1100,Italy,95,https://sortitoutsi.b-cdn.net/uploads/logo/logo_1100.png
Rosario Central,Club Atlético Rosario Central,95,Argentina,95,https://sortitoutsi.b-cdn.net/uploads/logo/logo_95.png
Rubio Ñú,Club Rubio Ñu,5280220,Paraguay,95,https://sortitoutsi.b-cdn.net/uploads/logo/logo_5280220.png
Salgueiros,Sport Comércio e Salgueiros,1486,Portugal,95,https://sortitoutsi.b-cdn.net/uploads/logo/logo_1486.png
Sampaio Corrêa,Sampaio Corrêa Futebol Clube,107230,Brazil,95,https://sortitoutsi.b-cdn.net/uploads/logo/logo_107230.png
San Antonio,San Antonio FC,20041486,The United States of America,95,https://sortitoutsi.b-cdn.net/uploads/logo/logo_20041486.png
San Antonio Bulo Bulo,Club Deportivo San Antonio Bulo Bulo,2000134819,Bolivia,95,https://sortitoutsi.b-cdn.net/uploads/logo/logo_2000134819.png
San Carlos,AD San Carlos,5385104,Costa Rica,95,https://sortitoutsi.b-cdn.net/uploads/logo/logo_5385104.png
San Diego,San Diego Loyal,20049710,,95,https://sortitoutsi.b-cdn.net/uploads/logo/logo_20049710.png
San Lorenzo,Club Atlético San Lorenzo de Almagro,96,Argentina,95,https://sortitoutsi.b-cdn.net/uploads/logo/logo_96.png
San Luis,San Luis de Quillota,5250433,Chile,95,https://sortitoutsi.b-cdn.net/uploads/logo/logo_5250433.png
San Miguel,Club Atlético San Miguel,108547,Argentina,95,https://sortitoutsi.b-cdn.net/uploads/logo/logo_108547.png
Santa Catarina,Santa Catarina Clube,319165,Brazil,95,https://sortitoutsi.b-cdn.net/uploads/logo/logo_319165.png
Santa Clara,Clube Desportivo Santa Clara,2448,Portugal,95,https://sortitoutsi.b-cdn.net/uploads/logo/logo_2448.png
Santa Cruz,Santa Cruz Futebol Clube SAF,107232,Brazil,95,https://sortitoutsi.b-cdn.net/uploads/logo/logo_107232.png
Santos,Santos Futebol Clube,335,Brazil,95,https://sortitoutsi.b-cdn.net/uploads/logo/logo_335.png
Santos Laguna,Club Santos Laguna,106029,Mexico,95,https://sortitoutsi.b-cdn.net/uploads/logo/logo_106029.png
Sarajevo,FK Sarajevo,1300153,Bosnia and Herzegovina,95,https://sortitoutsi.b-cdn.net/uploads/logo/logo_1300153.png
Sarmiento,Club Atlético Sarmiento de Junín,3101516,Argentina,95,https://sortitoutsi.b-cdn.net/uploads/logo/logo_3101516.png
Satun,Satun United,5637862,Thailand,95,https://sortitoutsi.b-cdn.net/uploads/logo/logo_5637862.png
Semen Padang,Semen Padang FC,135534,Indonesia,95,https://sortitoutsi.b-cdn.net/uploads/logo/logo_135534.png
Seongnam,Seongnam FC,200373,The Republic of Korea,95,https://sortitoutsi.b-cdn.net/uploads/logo/logo_200373.png
Seoul,FC Seoul,130777,The Republic of Korea,95,https://sortitoutsi.b-cdn.net/uploads/logo/logo_130777.png
Seoul E-Land,Seoul E-Land FC,66034891,The Republic of Korea,95,https://sortitoutsi.b-cdn.net/uploads/logo/logo_66034891.png
Sergipe,Club Sportivo Sergipe,301321,Brazil,95,https://sortitoutsi.b-cdn.net/uploads/logo/logo_301321.png
Sevilla Atlético,Sevilla Atlético Club,4202262,Spain,95,https://sortitoutsi.b-cdn.net/uploads/logo/logo_4202262.png
Sham Shui Po,Sham Shui Po Sports Association,7400961,Hong Kong,95,https://sortitoutsi.b-cdn.net/uploads/logo/logo_7400961.png
Sintrense,Sport União Sintrense,2478,Portugal,95,https://sortitoutsi.b-cdn.net/uploads/logo/logo_2478.png
Sion,FC Sion,1852,Switzerland,95,https://sortitoutsi.b-cdn.net/uploads/logo/logo_1852.png
Slovan Bratislava,ŠK Slovan Bratislava,1622,Slovakia,95,https://sortitoutsi.b-cdn.net/uploads/logo/logo_1622.png
Sobradinho,Sobradinho Esporte Clube,311004,Brazil,95,https://sortitoutsi.b-cdn.net/uploads/logo/logo_311004.png
Sochi,FC Sochi,58145347,Russia,95,https://sortitoutsi.b-cdn.net/uploads/logo/logo_58145347.png
Sol de América,Club Sol de América,120939,Paraguay,95,https://sortitoutsi.b-cdn.net/uploads/logo/logo_120939.png
Southern District,Southern District Recreation & Sports Association,7400959,Hong Kong,95,https://sortitoutsi.b-cdn.net/uploads/logo/logo_7400959.png
Spartak Varna,Spartak 1918 Varna,22034856,Bulgaria,95,https://sortitoutsi.b-cdn.net/uploads/logo/logo_22034856.png
Sporting CP,Sporting Clube de Portugal,1489,Portugal,95,https://sortitoutsi.b-cdn.net/uploads/logo/logo_1489.png
Sporting Cristal,Club Sporting Cristal S.A.,1449,Peru,95,https://sortitoutsi.b-cdn.net/uploads/logo/logo_1449.png
Sportivo Luqueño,Club Sportivo Luqueño,106072,Paraguay,95,https://sortitoutsi.b-cdn.net/uploads/logo/logo_106072.png
St. Louis City,St. Louis CITY SC,2000153732,The United States of America,95,https://sortitoutsi.b-cdn.net/uploads/logo/logo_2000153732.png
Sukhothai,Sukhothai FC,23077994,Thailand,95,https://sortitoutsi.b-cdn.net/uploads/logo/logo_23077994.png
Suwon,Suwon Samsung Bluewings,106813,The Republic of Korea,95,https://sortitoutsi.b-cdn.net/uploads/logo/logo_106813.png
São Bento,Esporte Clube São Bento,302142,Brazil,95,https://sortitoutsi.b-cdn.net/uploads/logo/logo_302142.png
São Luiz,Esporte Clube São Luiz,301286,Brazil,95,https://sortitoutsi.b-cdn.net/uploads/logo/logo_301286.png
São Paulo,São Paulo Futebol Clube,337,Brazil,95,https://sortitoutsi.b-cdn.net/uploads/logo/logo_337.png
Südtirol,F.C. Südtirol,829172,Italy,95,https://sortitoutsi.b-cdn.net/uploads/logo/logo_829172.png
TS Galaxy FC,TS Galaxy Development,65033790,South Africa,95,https://sortitoutsi.b-cdn.net/uploads/logo/logo_65033790.png
Tai Po,Wofoo Tai Po Football Club,7400958,Hong Kong,95,https://sortitoutsi.b-cdn.net/uploads/logo/logo_7400958.png
Taubaté,Esporte Clube Taubaté,311036,Brazil,95,https://sortitoutsi.b-cdn.net/uploads/logo/logo_311036.png
Temperley,Club Atlético Temperley,3100019,Argentina,95,https://sortitoutsi.b-cdn.net/uploads/logo/logo_3100019.png
Tenerife,C.D. Tenerife,1680,Spain,95,https://sortitoutsi.b-cdn.net/uploads/logo/logo_1680.png
Terengganu,Terengganu FC,135368,Malaysia,95,https://sortitoutsi.b-cdn.net/uploads/logo/logo_135368.png
Tigre,Club Atlético Tigre,3100018,Argentina,95,https://sortitoutsi.b-cdn.net/uploads/logo/logo_3100018.png
Tigres,Club Tigres U.A.N.L.,104360,Mexico,95,https://sortitoutsi.b-cdn.net/uploads/logo/logo_104360.png
Tokyo,FC Tokyo,107313,Japan,95,https://sortitoutsi.b-cdn.net/uploads/logo/logo_107313.png
Tolima,Club Deportes Tolima S.A.,429,Colombia,95,https://sortitoutsi.b-cdn.net/uploads/logo/logo_429.png
Toluca,Deportivo Toluca,102355,Mexico,95,https://sortitoutsi.b-cdn.net/uploads/logo/logo_102355.png
Tombense,Tombense Futebol Clube,318860,Brazil,95,https://sortitoutsi.b-cdn.net/uploads/logo/logo_318860.png
Tondela,Clube Desportivo de Tondela,2424,Portugal,95,https://sortitoutsi.b-cdn.net/uploads/logo/logo_2424.png
Torque,Montevideo City Torque,78027478,Uruguay,95,https://sortitoutsi.b-cdn.net/uploads/logo/logo_78027478.png
Torreense,Sport Clube União Torreense,2422,Portugal,95,https://sortitoutsi.b-cdn.net/uploads/logo/logo_2422.png
Toulouse,Toulouse FC,886,France,95,https://sortitoutsi.b-cdn.net/uploads/logo/logo_886.png
Trabzonspor,Trabzonspor A.Ş.,1879,Türkiye,95,https://sortitoutsi.b-cdn.net/uploads/logo/logo_1879.png
Trans,JK Narva Trans,751,Estonia,95,https://sortitoutsi.b-cdn.net/uploads/logo/logo_751.png
Travnik,NK Travnik,1300160,Bosnia and Herzegovina,95,https://sortitoutsi.b-cdn.net/uploads/logo/logo_1300160.png
Treze,Treze Futebol Clube,301212,Brazil,95,https://sortitoutsi.b-cdn.net/uploads/logo/logo_301212.png
Trindade,Trindade Atlético Clube,19023700,Brazil,95,https://sortitoutsi.b-cdn.net/uploads/logo/logo_19023700.png
Tristán Suárez,Club Social y Deportivo Tristán Suárez,3101520,Argentina,95,https://sortitoutsi.b-cdn.net/uploads/logo/logo_3101520.png
Trofense,Clube Desportivo Trofense,2456,Portugal,95,https://sortitoutsi.b-cdn.net/uploads/logo/logo_2456.png
Tuttocuoio,A.C. Tuttocuoio 1957,43076615,Italy,95,https://sortitoutsi.b-cdn.net/uploads/logo/logo_43076615.png
Técnico Universitario,Club Deportivo Técnico Universitario,5270339,Ecuador,95,https://sortitoutsi.b-cdn.net/uploads/logo/logo_5270339.png
UD Oliveirense,União Desportiva Oliveirense,2416,Portugal,95,https://sortitoutsi.b-cdn.net/uploads/logo/logo_2416.png
Uberlândia,Uberlândia Esporte Clube SAF,301200,Brazil,95,https://sortitoutsi.b-cdn.net/uploads/logo/logo_301200.png
Udinese,Udinese Calcio,1178,Italy,95,https://sortitoutsi.b-cdn.net/uploads/logo/logo_1178.png
Ulsan Hyundai,Ulsan HD FC,106808,The Republic of Korea,95,https://sortitoutsi.b-cdn.net/uploads/logo/logo_106808.png
Universitario,Club Universitario de Deportes,1450,Peru,95,https://sortitoutsi.b-cdn.net/uploads/logo/logo_1450.png
Unión Comercio,Club Deportivo Unión Comercio,77016717,Peru,95,https://sortitoutsi.b-cdn.net/uploads/logo/logo_77016717.png
Unión Magdalena,Unión Magdalena S.A.,104386,Colombia,95,https://sortitoutsi.b-cdn.net/uploads/logo/logo_104386.png
Uruguay Montevideo,Uruguay Montevideo Fútbol Club,5512787,Uruguay,95,https://sortitoutsi.b-cdn.net/uploads/logo/logo_5512787.png
Uthai Thani,Uthai Thani FC,97208556,Thailand,95,https://sortitoutsi.b-cdn.net/uploads/logo/logo_97208556.png
Vaduz,FC Vaduz,5720002,Switzerland,95,https://sortitoutsi.b-cdn.net/uploads/logo/logo_5720002.png
Vardar,FK Vardar Skopje,1239,The Republic of North Macedonia,95,https://sortitoutsi.b-cdn.net/uploads/logo/logo_1239.png
Varzim,Varzim Sport Clube,2394,Portugal,95,https://sortitoutsi.b-cdn.net/uploads/logo/logo_2394.png
Velo Clube,Associação Esportiva Velo Clube Rioclarense,318913,Brazil,95,https://sortitoutsi.b-cdn.net/uploads/logo/logo_318913.png
Veres,NC Veres Rivne,71105155,Ukraine,95,https://sortitoutsi.b-cdn.net/uploads/logo/logo_71105155.png
Vestri,Íþróttafélagið Vestri,39048732,Iceland,95,https://sortitoutsi.b-cdn.net/uploads/logo/logo_39048732.png
Vila Nova,ADC de Vila Nova de Monsarros,2000053047,Portugal,95,https://sortitoutsi.b-cdn.net/uploads/logo/logo_2000053047.png
Visakha,Visakha FC,23439802,Cambodia,95,https://sortitoutsi.b-cdn.net/uploads/logo/logo_23439802.png
Vitória,Esporte Clube Vitória,340,Brazil,95,https://sortitoutsi.b-cdn.net/uploads/logo/logo_340.png
Volta Redonda,Volta Redonda Futebol Clube,107240,Brazil,95,https://sortitoutsi.b-cdn.net/uploads/logo/logo_107240.png
Vora,Klubi i Futbollit Vora,11035510,Albania,95,https://sortitoutsi.b-cdn.net/uploads/logo/logo_11035510.png
Votuporanguense,Clube Atlético Votuporanguense,19189179,Brazil,95,https://sortitoutsi.b-cdn.net/uploads/logo/logo_19189179.png
Vélez Sarsfield,Club Atlético Vélez Sarsfield,98,Argentina,95,https://sortitoutsi.b-cdn.net/uploads/logo/logo_98.png
Wanderers,Western Sydney Wanderers Football Club,15035999,Australia,95,https://sortitoutsi.b-cdn.net/uploads/logo/logo_15035999.png
Wydad Casablanca,Wydad Athletic Club,1201001,Morocco,95,https://sortitoutsi.b-cdn.net/uploads/logo/logo_1201001.png
Xelajú,CSD Xelajú MC,5395076,Guatemala,95,https://sortitoutsi.b-cdn.net/uploads/logo/logo_5395076.png
Xorazm,Xorazm Urganch,485461,Uzbekistan,95,https://sortitoutsi.b-cdn.net/uploads/logo/logo_485461.png
Ypsonas,EN Ypsona,26035664,Cyprus,95,https://sortitoutsi.b-cdn.net/uploads/logo/logo_26035664.png
Zakho,Zakho Sport Club,145742,Iraq,95,https://sortitoutsi.b-cdn.net/uploads/logo/logo_145742.png
Zamalek,Zamalek Sporting Club,106755,Egypt,95,https://sortitoutsi.b-cdn.net/uploads/logo/logo_106755.png
Zenit,Zenit St. Petersburg,1301108,Russia,95,https://sortitoutsi.b-cdn.net/uploads/logo/logo_1301108.png
Zhejiang Professional,Zhejiang FC,131229,The People's Republic of China,95,https://sortitoutsi.b-cdn.net/uploads/logo/logo_131229.png
Zimbru,FC Zimbru Chişinău,1268,Moldova,95,https://sortitoutsi.b-cdn.net/uploads/logo/logo_1268.png
Zorya,Zoria Luhansk,1902,Ukraine,95,https://sortitoutsi.b-cdn.net/uploads/logo/logo_1902.png
Zvijezda,FK Zvijezda Gradačac,8403739,Bosnia and Herzegovina,95,https://sortitoutsi.b-cdn.net/uploads/logo/logo_8403739.png
Água Santa,Esporte Clube Água Santa,19200887,Brazil,95,https://sortitoutsi.b-cdn.net/uploads/logo/logo_19200887.png
Águilas Doradas,Talento Dorado S.A.,8830831,Colombia,95,https://sortitoutsi.b-cdn.net/uploads/logo/logo_8830831.png
Çorum FK,Ahlatcı Çorum Futbol Kulübü,70055738,Türkiye,95,https://sortitoutsi.b-cdn.net/uploads/logo/logo_70055738.png
Étoile Carouge,Etoile Carouge FC,106371,Switzerland,95,https://sortitoutsi.b-cdn.net/uploads/logo/logo_106371.png
İmişli,İmişli Peşəkar Futbol Klubu,2000193940,Azerbaijan,95,https://sortitoutsi.b-cdn.net/uploads/logo/logo_2000193940.png
Široki Brijeg,NK Široki Brijeg,652649,Bosnia and Herzegovina,95,https://sortitoutsi.b-cdn.net/uploads/logo/logo_652649.png
Željezničar,FK Željezničar Sarajevo,1300156,Bosnia and Herzegovina,95,https://sortitoutsi.b-cdn.net/uploads/logo/logo_1300156.png
AVS,AVS Futebol SAD,2000263090,Portugal,90,https://sortitoutsi.b-cdn.net/uploads/logo/logo_2000263090.png
Abahani Dhaka,Abahani Limited Dhaka,136583,Bangladesh,90,https://sortitoutsi.b-cdn.net/uploads/logo/logo_136583.png
Al Ain,Al-Ain FC,950376,The United Arab Emirates,90,https://sortitoutsi.b-cdn.net/uploads/logo/logo_950376.png
Al Bataeh,Al-Bataeh,23243246,The United Arab Emirates,90,https://sortitoutsi.b-cdn.net/uploads/logo/logo_23243246.png
Al Dhafra,Al-Dhafra,7880107,The United Arab Emirates,90,https://sortitoutsi.b-cdn.net/uploads/logo/logo_7880107.png
Al Fahaheel,Al-Fahaheel Sporting Club,135303,Kuwait,90,https://sortitoutsi.b-cdn.net/uploads/logo/logo_135303.png
Al Hazem,Al-Hazem Saudi Club,7920356,Saudi Arabia,90,https://sortitoutsi.b-cdn.net/uploads/logo/logo_7920356.png
Al Ittihad Kalba,Ittihad Kalba Football Club,135452,,90,https://sortitoutsi.b-cdn.net/uploads/logo/logo_135452.png
Al Jazira,Al-Jazira,135450,The United Arab Emirates,90,https://sortitoutsi.b-cdn.net/uploads/logo/logo_135450.png
Al Mosul,Baladiyat Al-Mosul Sport Club,2000060410,Iraq,90,https://sortitoutsi.b-cdn.net/uploads/logo/logo_2000060410.png
Al Najma,Al-Najma,2000170632,Libya,90,https://sortitoutsi.b-cdn.net/uploads/logo/logo_2000170632.png
Al Nasr,Nasr Mining Football Club,12040889,Egypt,90,https://sortitoutsi.b-cdn.net/uploads/logo/logo_12040889.png
Al Rayyan,Al-Rayyan Sports Club,3400801,Qatar,90,https://sortitoutsi.b-cdn.net/uploads/logo/logo_3400801.png
Al Sadd,Al-Sadd Sports Club,102853,Qatar,90,https://sortitoutsi.b-cdn.net/uploads/logo/logo_102853.png
Al Taawon,Al-Taawon Cultural & Sports Club,7880054,The United Arab Emirates,90,https://sortitoutsi.b-cdn.net/uploads/logo/logo_7880054.png
Al Talaba,Al-Talaba Sports Club,135217,Iraq,90,https://sortitoutsi.b-cdn.net/uploads/logo/logo_135217.png
Al Wahda,Al-Wahda,135430,The United Arab Emirates,90,https://sortitoutsi.b-cdn.net/uploads/logo/logo_135430.png
Al Wasl,Al-Wasl,135439,The United Arab Emirates,90,https://sortitoutsi.b-cdn.net/uploads/logo/logo_135439.png
Alianza Lima,Club Alianza Lima,117754,Peru,90,https://sortitoutsi.b-cdn.net/uploads/logo/logo_117754.png
Almirante Brown,Club Almirante Brown,102470,Argentina,90,https://sortitoutsi.b-cdn.net/uploads/logo/logo_102470.png
América RN,América Futebol Clube SAF (RN),107203,Brazil,90,https://sortitoutsi.b-cdn.net/uploads/logo/logo_107203.png
Anorthosis,Anorthosis Famagusta,450,Cyprus,90,https://sortitoutsi.b-cdn.net/uploads/logo/logo_450.png
Athens Kallithea,Athens Kallithea FC,129661,Greece,90,https://sortitoutsi.b-cdn.net/uploads/logo/logo_129661.png
Atlético GO,Club Atlético González,5240400,,90,https://sortitoutsi.b-cdn.net/uploads/logo/logo_5240400.png
Atlético Rafaela,A.M.S. y D. Atlético de Rafaela,102472,Argentina,90,https://sortitoutsi.b-cdn.net/uploads/logo/logo_102472.png
Atlético Santo Domingo,Club Atlético Santo Domingo,86058990,Ecuador,90,https://sortitoutsi.b-cdn.net/uploads/logo/logo_86058990.png
Atlético Tembetary,Club Atlético Tembetary,5280215,Paraguay,90,https://sortitoutsi.b-cdn.net/uploads/logo/logo_5280215.png
Atlético Tucumán,Club Atlético Tucumán,102474,Argentina,90,https://sortitoutsi.b-cdn.net/uploads/logo/logo_102474.png
Bani Yas,Baniyas Sports & Cultural Club,7004292,The United Arab Emirates,90,https://sortitoutsi.b-cdn.net/uploads/logo/logo_7004292.png
Besa Kavajë,Klubi Sportiv Besa Kavajë,59,Albania,90,https://sortitoutsi.b-cdn.net/uploads/logo/logo_59.png
Blau-Weiß Linz,Fussballclub Blau-Weiß Linz II,16144375,,90,https://sortitoutsi.b-cdn.net/uploads/logo/logo_16144375.png
Botafogo PB,Botafogo Futebol Clube SAF (PB),301208,Brazil,90,https://sortitoutsi.b-cdn.net/uploads/logo/logo_301208.png
Botafogo SP,Botafogo Futebol Clube (SP),121265,Brazil,90,https://sortitoutsi.b-cdn.net/uploads/logo/logo_121265.png
Botafogo SP B,Botafogo Futebol Clube (SP),121265,Brazil,90,https://sortitoutsi.b-cdn.net/uploads/logo/logo_121265.png
Boyacá Chicó,Deportivo Boyacá Chicó Fútbol Club S.A.,5260325,Colombia,90,https://sortitoutsi.b-cdn.net/uploads/logo/logo_5260325.png
Bregenz,Schwarz-Weiß Bregenz,6002479,Austria,90,https://sortitoutsi.b-cdn.net/uploads/logo/logo_6002479.png
Brothers Union,Brothers Union Club Dhaka,5625066,Bangladesh,90,https://sortitoutsi.b-cdn.net/uploads/logo/logo_5625066.png
Carlos Mannucci,Club Social y Deportivo Carlos A. Mannucci,5290629,Peru,90,https://sortitoutsi.b-cdn.net/uploads/logo/logo_5290629.png
Central Córdoba,Club Central Córdoba de Santiago del Estero,14018428,Argentina,90,https://sortitoutsi.b-cdn.net/uploads/logo/logo_14018428.png
Cerro Largo,Cerro Largo Fútbol Club,8825223,Uruguay,90,https://sortitoutsi.b-cdn.net/uploads/logo/logo_8825223.png
Chacarita Juniors,Club Atlético Chacarita Juniors,102493,Argentina,90,https://sortitoutsi.b-cdn.net/uploads/logo/logo_102493.png
Chungnam Asan,Chungnam Asan FC,136423,The Republic of Korea,90,https://sortitoutsi.b-cdn.net/uploads/logo/logo_136423.png
Comerciantes Unidos,"C Social, Deportivo y Cultural Comerciantes Unidos",77016700,Peru,90,https://sortitoutsi.b-cdn.net/uploads/logo/logo_77016700.png
Concepción,Club Social y de Deportes Concepción,104361,Chile,90,https://sortitoutsi.b-cdn.net/uploads/logo/logo_104361.png
Confiança,Associação Desportiva Confiança SAF,301323,Brazil,90,https://sortitoutsi.b-cdn.net/uploads/logo/logo_301323.png
Correcaminos UAT,Correcaminos de la UAT B,5661065,Mexico,90,https://sortitoutsi.b-cdn.net/uploads/logo/logo_5661065.png
Csikszereda Miercurea Ciuc,AFK Csikszereda Miercurea Ciuc,57110301,Romania,90,https://sortitoutsi.b-cdn.net/uploads/logo/logo_57110301.png
Cumbayá,Cumbayá Fútbol Club,2000017845,Ecuador,90,https://sortitoutsi.b-cdn.net/uploads/logo/logo_2000017845.png
Dallas,FC Dallas,1905,The United States of America,90,https://sortitoutsi.b-cdn.net/uploads/logo/logo_1905.png
Deportivo Garcilaso,Club Deportivo Garcilaso,5290593,Peru,90,https://sortitoutsi.b-cdn.net/uploads/logo/logo_5290593.png
Deportivo Morón,Club Deportivo Morón,102482,Argentina,90,https://sortitoutsi.b-cdn.net/uploads/logo/logo_102482.png
Deportivo Riestra,Club Deportivo Riestra,952707,Argentina,90,https://sortitoutsi.b-cdn.net/uploads/logo/logo_952707.png
Dibba Al Fujairah,Dibba Al-Fujairah Club,7880052,The United Arab Emirates,90,https://sortitoutsi.b-cdn.net/uploads/logo/logo_7880052.png
Dibba Al Hisn,Dibba Al-Hisn Sports & Culture Club,135436,The United Arab Emirates,90,https://sortitoutsi.b-cdn.net/uploads/logo/logo_135436.png
Egnatia Rrogozhinë,Klubi i Futbollit Egnatia Rrogozhinë,8350953,Albania,90,https://sortitoutsi.b-cdn.net/uploads/logo/logo_8350953.png
Enosis,AO Rethymniakis Enosis Athliton,2000277968,Greece,90,https://sortitoutsi.b-cdn.net/uploads/logo/logo_2000277968.png
Estudiantes,Club Estudiantes de La Plata,85,Argentina,90,https://sortitoutsi.b-cdn.net/uploads/logo/logo_85.png
Estudiantes Río Cuarto,Asociación Atlética Estudiantes de Río Cuarto,3101435,Argentina,90,https://sortitoutsi.b-cdn.net/uploads/logo/logo_3101435.png
Felgueiras 1932,Futebol Clube de Felgueiras 1932 B,83111777,Portugal,90,https://sortitoutsi.b-cdn.net/uploads/logo/logo_83111777.png
Ferro Carril Oeste,Club Ferro Carril Oeste,86,Argentina,90,https://sortitoutsi.b-cdn.net/uploads/logo/logo_86.png
Ferroviária,Associação Ferroviária de Esportes,302144,Brazil,90,https://sortitoutsi.b-cdn.net/uploads/logo/logo_302144.png
First Vienna,First Vienna FC 1894,101154,Austria,90,https://sortitoutsi.b-cdn.net/uploads/logo/logo_101154.png
Gimnasia Jujuy,Club Atlético Gimnasia y Esgrima de Jujuy,102957,Argentina,90,https://sortitoutsi.b-cdn.net/uploads/logo/logo_102957.png
Gimnasia La Plata,Club de Gimnasia y Esgrima La Plata,87,Argentina,90,https://sortitoutsi.b-cdn.net/uploads/logo/logo_87.png
Gimnasia Mendoza,Club Atlético Gimnasia y Esgrima de Mendoza,956891,Argentina,90,https://sortitoutsi.b-cdn.net/uploads/logo/logo_956891.png
Gimpo Citizen,Gimpo Citizen FC,66032900,The Republic of Korea,90,https://sortitoutsi.b-cdn.net/uploads/logo/logo_66032900.png
Hapoel Be'er Sheva,Hapoel Be'er-Sheva,1085,Israel,90,https://sortitoutsi.b-cdn.net/uploads/logo/logo_1085.png
Hapoel Tel Aviv,Hapoel Tel-Aviv,1090,Israel,90,https://sortitoutsi.b-cdn.net/uploads/logo/logo_1090.png
Hồ Chí Minh City,Hồ Chí Minh City I W.F.C.,2000357679,Vietnam,90,https://sortitoutsi.b-cdn.net/uploads/logo/logo_2000357679.png
Imabari,FC Imabari,788904,Japan,90,https://sortitoutsi.b-cdn.net/uploads/logo/logo_788904.png
Inter Toronto,Inter Toronto Football Club,20502987,Canada,90,https://sortitoutsi.b-cdn.net/uploads/logo/logo_20502987.png
Jeonbuk Motors,Jeonbuk Hyundai Motors FC,130776,The Republic of Korea,90,https://sortitoutsi.b-cdn.net/uploads/logo/logo_130776.png
Jeonnam Dragons,Jeonnam Dragons FC,106812,The Republic of Korea,90,https://sortitoutsi.b-cdn.net/uploads/logo/logo_106812.png
Juan Pablo II College,Asociación Club Deportivo Juan Pablo II College,2000365103,Peru,90,https://sortitoutsi.b-cdn.net/uploads/logo/logo_2000365103.png
Kanchanaburi Power,Kanchanaburi Power FC,97208564,Thailand,90,https://sortitoutsi.b-cdn.net/uploads/logo/logo_97208564.png
Kryvbas KR,Kryvbas Kryvyi Rih,2000028043,Ukraine,90,https://sortitoutsi.b-cdn.net/uploads/logo/logo_2000028043.png
Kyoto Sanga,Kyoto Sanga F.C.,1192,Japan,90,https://sortitoutsi.b-cdn.net/uploads/logo/logo_1192.png
Los Angeles FC,FC Los Ángeles,51042113,Mexico,90,https://sortitoutsi.b-cdn.net/uploads/logo/logo_51042113.png
Maccabi Tel Aviv,Maccabi Tel-Aviv,1097,Israel,90,https://sortitoutsi.b-cdn.net/uploads/logo/logo_1097.png
Machida Zelvia,FC Machida Zelvia,788837,Japan,90,https://sortitoutsi.b-cdn.net/uploads/logo/logo_788837.png
Muang Thong United,SCG Muangthong United,23078012,Thailand,90,https://sortitoutsi.b-cdn.net/uploads/logo/logo_23078012.png
NEOM,Neom Sports Club,2000326380,Saudi Arabia,90,https://sortitoutsi.b-cdn.net/uploads/logo/logo_2000326380.png
Nacional Asunción,Club Nacional de Asunción,2000371612,,90,https://sortitoutsi.b-cdn.net/uploads/logo/logo_2000371612.png
Newell's Old Boys,Club Atlético Newell's Old Boys,91,Argentina,90,https://sortitoutsi.b-cdn.net/uploads/logo/logo_91.png
Oleksandria,FC Krystal Oleksandria,71010501,,90,https://sortitoutsi.b-cdn.net/uploads/logo/logo_71010501.png
Olympiacos Piraeus,Olympiacos SF Piraeus,981,Greece,90,https://sortitoutsi.b-cdn.net/uploads/logo/logo_981.png
Orsomarso,Orsomarso Sportivo Clube S.A.,76045729,Colombia,90,https://sortitoutsi.b-cdn.net/uploads/logo/logo_76045729.png
Paide,Paide Linnameeskond,31000336,Estonia,90,https://sortitoutsi.b-cdn.net/uploads/logo/logo_31000336.png
Paris,Paris Saint-Germain,868,France,90,https://sortitoutsi.b-cdn.net/uploads/logo/logo_868.png
Pattaya Dolphins,Pattaya Dolphins United,2000117785,,90,https://sortitoutsi.b-cdn.net/uploads/logo/logo_2000117785.png
Petrópolis,Petrópolis Futebol Clube,19248712,Brazil,90,https://sortitoutsi.b-cdn.net/uploads/logo/logo_19248712.png
Portuguesa RJ,Associação Atlética Portuguesa (RJ),301251,Brazil,90,https://sortitoutsi.b-cdn.net/uploads/logo/logo_301251.png
Preußen Münster,SC Preußen Münster,935,Germany,90,https://sortitoutsi.b-cdn.net/uploads/logo/logo_935.png
Primavera SP,Aprilia Centro Sportivo Primavera,43386626,,90,https://sortitoutsi.b-cdn.net/uploads/logo/logo_43386626.png
Pumas UNAM,Pumas de la UNAM (Naucalpan),5664930,,90,https://sortitoutsi.b-cdn.net/uploads/logo/logo_5664930.png
Racing Córdoba,Club Atlético Racing de Córdoba,3102137,Argentina,90,https://sortitoutsi.b-cdn.net/uploads/logo/logo_3102137.png
Radnički Kragujevac,KFK Radnički Kragujevac,62054791,Serbia,90,https://sortitoutsi.b-cdn.net/uploads/logo/logo_62054791.png
Real Soacha Cundinamarca,Real Soacha Cundinamarca S.A.,2000273045,Colombia,90,https://sortitoutsi.b-cdn.net/uploads/logo/logo_2000273045.png
Rio Branco ES,Rio Branco Futebol Clube (ES),314332,Brazil,90,https://sortitoutsi.b-cdn.net/uploads/logo/logo_314332.png
Rio Branco SP,Rio Branco Esporte Clube,107226,Brazil,90,https://sortitoutsi.b-cdn.net/uploads/logo/logo_107226.png
SC Delhi,Rangers Delhi SC,2000266099,India,90,https://sortitoutsi.b-cdn.net/uploads/logo/logo_2000266099.png
San Martín Mendoza,Atlético Club San Martín de Mendoza,108545,Argentina,90,https://sortitoutsi.b-cdn.net/uploads/logo/logo_108545.png
San Martín San Juan,Club Atlético San Martín de San Juan,108546,Argentina,90,https://sortitoutsi.b-cdn.net/uploads/logo/logo_108546.png
San Martín Tucumán,Club Atlético San Martín de Tucumán,102466,Argentina,90,https://sortitoutsi.b-cdn.net/uploads/logo/logo_102466.png
Sanjoanense,Associação Desportiva Sanjoanense,2428,Portugal,90,https://sortitoutsi.b-cdn.net/uploads/logo/logo_2428.png
Shabab Al Ahli Dubai,Shabab Al-Ahli Dubai FC,23418694,The United Arab Emirates,90,https://sortitoutsi.b-cdn.net/uploads/logo/logo_23418694.png
Spartak Subotica,FK Spartak Ždrepčeva krv Subotica,62031842,Serbia,90,https://sortitoutsi.b-cdn.net/uploads/logo/logo_62031842.png
Sport Recife,Sport Club do Recife,338,Brazil,90,https://sortitoutsi.b-cdn.net/uploads/logo/logo_338.png
Sporting Braga,Sporting Clube de Braga,1488,Portugal,90,https://sortitoutsi.b-cdn.net/uploads/logo/logo_1488.png
Sporting Covilhã,Sporting Clube da Covilhã,2395,Portugal,90,https://sortitoutsi.b-cdn.net/uploads/logo/logo_2395.png
Suwon Bluewings,Suwon Samsung Bluewings,106813,The Republic of Korea,90,https://sortitoutsi.b-cdn.net/uploads/logo/logo_106813.png
São José EC,EC São José (MT),2111647,,90,https://sortitoutsi.b-cdn.net/uploads/logo/logo_2111647.png
São João Ver,Sporting Clube São João de Ver,109037,Portugal,90,https://sortitoutsi.b-cdn.net/uploads/logo/logo_109037.png
Tacuarembó,Tacuarembó Fútbol Club,130852,Uruguay,90,https://sortitoutsi.b-cdn.net/uploads/logo/logo_130852.png
Talleres Córdoba,Club Atlético Talleres de Córdoba,102489,Argentina,90,https://sortitoutsi.b-cdn.net/uploads/logo/logo_102489.png
Tirana,Klubi i Futbollit Tirana,61,Albania,90,https://sortitoutsi.b-cdn.net/uploads/logo/logo_61.png
Toronto,Toronto FC,72000789,The United States of America,90,https://sortitoutsi.b-cdn.net/uploads/logo/logo_72000789.png
UCSA,UCSA Tarasivka,2000121111,Ukraine,90,https://sortitoutsi.b-cdn.net/uploads/logo/logo_2000121111.png
Union Saint-Gilloise,Royale Union Saint-Gilloise,288,Belgium,90,https://sortitoutsi.b-cdn.net/uploads/logo/logo_288.png
União Santarém,União Desportiva de Santarém,2471,Portugal,90,https://sortitoutsi.b-cdn.net/uploads/logo/logo_2471.png
União TO,União Atlético Clube (TO),313343,Brazil,90,https://sortitoutsi.b-cdn.net/uploads/logo/logo_313343.png
União de Leiria,União Desportiva de Leiria,1493,Portugal,90,https://sortitoutsi.b-cdn.net/uploads/logo/logo_1493.png
Unión Santa Fe,Club Atlético Unión de Santa Fe,102467,Argentina,90,https://sortitoutsi.b-cdn.net/uploads/logo/logo_102467.png
Vancouver Whitecaps,Vancouver Whitecaps FC,4400014,The United States of America,90,https://sortitoutsi.b-cdn.net/uploads/logo/logo_4400014.png
Vinotinto de Ecuador,Vinotinto del Ecuador Fútbol Club,2000439735,Ecuador,90,https://sortitoutsi.b-cdn.net/uploads/logo/logo_2000439735.png
Vukovar,HNK Vukovar 1991,126302,Croatia,90,https://sortitoutsi.b-cdn.net/uploads/logo/logo_126302.png
Wanderers U20,Bray Wanderers U20,52086899,,90,https://sortitoutsi.b-cdn.net/uploads/logo/logo_52086899.png
Yokohama,Yokohama F･Marinos,1198,Japan,90,https://sortitoutsi.b-cdn.net/uploads/logo/logo_1198.png
Yongin,Yongin City,66010057,,90,https://sortitoutsi.b-cdn.net/uploads/logo/logo_66010057.png
Yverdon Sport,Yverdon Sport FC,105898,Switzerland,90,https://sortitoutsi.b-cdn.net/uploads/logo/logo_105898.png
Zulte-Waregem,SV Zulte-Waregem,299,Belgium,90,https://sortitoutsi.b-cdn.net/uploads/logo/logo_299.png
Belgrano Res.,Club Atlético Defensores de Belgrano,3101504,Argentina,85,https://sortitoutsi.b-cdn.net/uploads/logo/logo_3101504.png
Pogoń Grod. Mazowiecki,Pogoń Grodzisk Mazowiecki,96056623,Poland,85,https://sortitoutsi.b-cdn.net/uploads/logo/logo_96056623.png
Yokohama F. Marinos,Yokohama F･Marinos,1198,Japan,85,https://sortitoutsi.b-cdn.net/uploads/logo/logo_1198.png
AD Marco 09,Associação Desportiva de Marco de Canaveses 09,2407,Portugal,70,https://sortitoutsi.b-cdn.net/uploads/logo/logo_2407.png
CA La Paz,Club Atlético La Paz,2000193551,Mexico,70,https://sortitoutsi.b-cdn.net/uploads/logo/logo_2000193551.png
CF Os Belenenses,Clube de Futebol Os Belenenses,1474,Portugal,70,https://sortitoutsi.b-cdn.net/uploads/logo/logo_1474.png
DC United,D.C. United,1913,The United States of America,70,https://sortitoutsi.b-cdn.net/uploads/logo/logo_1913.png
Dynamo Makhachkala,Dinamo Makhachkala,58046584,Russia,70,https://sortitoutsi.b-cdn.net/uploads/logo/logo_58046584.png
Hamrun Spartans,Ħamrun Spartans FC,1242,Malta,70,https://sortitoutsi.b-cdn.net/uploads/logo/logo_1242.png
LDU Quito,Liga Deportiva Universitaria de Quito,5270338,Ecuador,70,https://sortitoutsi.b-cdn.net/uploads/logo/logo_5270338.png
Malut United FC,Imatong FC Melut,2000263037,South Sudan,70,https://sortitoutsi.b-cdn.net/uploads/logo/logo_2000263037.png
Omonia Aradippou,Omonoia Aradippou,459,Cyprus,70,https://sortitoutsi.b-cdn.net/uploads/logo/logo_459.png
Omonia Nicosia,Omonoia Nicosia,460,Cyprus,70,https://sortitoutsi.b-cdn.net/uploads/logo/logo_460.png
Porto II,Bunga Raya FC II,2000046193,,70,https://sortitoutsi.b-cdn.net/uploads/logo/logo_2000046193.png
SJ Earthquakes,San Jose Earthquakes,1910,The United States of America,70,https://sortitoutsi.b-cdn.net/uploads/logo/logo_1910.png
UTC Cajamarca,Universidad Técnica de Cajamarca,5290571,Peru,70,https://sortitoutsi.b-cdn.net/uploads/logo/logo_5290571.png
WSPG Wels,Spielgemeinschaft LASK Linz/ESV Wels,5606934,,70,https://sortitoutsi.b-cdn.net/uploads/logo/logo_5606934.png
Zalaegerszegi TE,Kecskeméti TE,38042162,Hungary,70,https://sortitoutsi.b-cdn.net/uploads/logo/logo_38042162.png
İstanbul Başakşehir,Rams Başakşehir Futbol Kulübü,130343,Türkiye,70,https://sortitoutsi.b-cdn.net/uploads/logo/logo_130343.png
